"customer_id";"event_type";"event_date";"source"
"C0001";"signup";"2023-03-10";"organic"
"C0002";"signup";"2023-03-27";"ads"
"C0002";"trial_start";"2023-03-28";"ads"
"C0003";"signup";"2023-02-19";"referral"
"C0004";"signup";"2023-01-16";"ads"
"C0005";"signup";"2023-01-03";"outbound"
"C0005";"trial_start";"2023-01-04";"outbound"
"C0005";"churned";"2023-04-21";"outbound"
"C0006";"signup";"2023-01-29";"referral"
"C0006";"trial_start";"2023-01-30";"referral"
"C0006";"activated";"2023-02-02";"referral"
"C0007";"signup";"2023-01-01";"outbound"
"C0008";"signup";"2023-03-14";"referral"
"C0008";"trial_start";"2023-03-15";"referral"
"C0008";"activated";"2023-03-20";"referral"
"C0009";"signup";"2023-01-09";"outbound"
"C0009";"churned";"2023-04-21";"outbound"
"C0010";"signup";"2023-03-08";"outbound"
"C0010";"trial_start";"2023-03-09";"outbound"
"C0010";"churned";"2023-07-04";"outbound"
"C0011";"signup";"2023-03-29";"referral"
"C0011";"trial_start";"2023-03-30";"referral"
"C0012";"signup";"2023-02-11";"ads"
"C0013";"signup";"2023-03-05";"organic"
"C0014";"signup";"2023-01-07";"outbound"
"C0014";"trial_start";"2023-01-08";"outbound"
"C0014";"activated";"2023-01-09";"outbound"
"C0015";"signup";"2023-01-11";"referral"
"C0016";"signup";"2023-03-30";"outbound"
"C0016";"trial_start";"2023-03-31";"outbound"
"C0016";"activated";"2023-04-02";"outbound"
"C0017";"signup";"2023-03-22";"ads"
"C0017";"trial_start";"2023-03-23";"ads"
"C0017";"activated";"2023-03-24";"ads"
"C0018";"signup";"2023-02-02";"referral"
"C0018";"trial_start";"2023-02-03";"referral"
"C0019";"signup";"2023-03-08";"referral"
"C0020";"signup";"2023-01-13";"organic"
"C0020";"trial_start";"2023-01-14";"organic"
"C0020";"activated";"2023-01-15";"organic"
"C0021";"signup";"2023-02-10";"organic"
"C0021";"trial_start";"2023-02-11";"organic"
"C0021";"churned";"2023-05-07";"organic"
"C0022";"signup";"2023-02-08";"ads"
"C0022";"trial_start";"2023-02-09";"ads"
"C0022";"activated";"2023-02-10";"ads"
"C0023";"signup";"2023-02-18";"referral"
"C0023";"trial_start";"2023-02-19";"referral"
"C0023";"activated";"2023-02-24";"referral"
"C0024";"signup";"2023-02-28";"ads"
"C0025";"signup";"2023-02-13";"ads"
"C0025";"trial_start";"2023-02-14";"ads"
"C0025";"activated";"2023-02-19";"ads"
"C0026";"signup";"2023-01-14";"outbound"
"C0026";"trial_start";"2023-01-15";"outbound"
"C0026";"activated";"2023-01-17";"outbound"
"C0027";"signup";"2023-03-23";"outbound"
"C0027";"trial_start";"2023-03-24";"outbound"
"C0027";"activated";"2023-03-29";"outbound"
"C0028";"signup";"2023-01-18";"outbound"
"C0028";"trial_start";"2023-01-19";"outbound"
"C0028";"activated";"2023-01-23";"outbound"
"C0029";"signup";"2023-02-09";"referral"
"C0029";"trial_start";"2023-02-10";"referral"
"C0029";"activated";"2023-02-14";"referral"
"C0030";"signup";"2023-02-07";"referral"
"C0030";"trial_start";"2023-02-08";"referral"
"C0030";"activated";"2023-02-10";"referral"
"C0030";"churned";"2023-05-12";"referral"
"C0031";"signup";"2023-02-24";"ads"
"C0032";"signup";"2023-01-09";"outbound"
"C0032";"trial_start";"2023-01-10";"outbound"
"C0033";"signup";"2023-03-16";"referral"
"C0033";"trial_start";"2023-03-17";"referral"
"C0033";"activated";"2023-03-20";"referral"
"C0033";"churned";"2023-06-12";"referral"
"C0034";"signup";"2023-03-05";"ads"
"C0034";"trial_start";"2023-03-06";"ads"
"C0034";"activated";"2023-03-08";"ads"
"C0035";"signup";"2023-01-31";"outbound"
"C0036";"signup";"2023-01-27";"organic"
"C0036";"churned";"2023-02-27";"organic"
"C0037";"signup";"2023-02-15";"ads"
"C0037";"trial_start";"2023-02-16";"ads"
"C0037";"activated";"2023-02-18";"ads"
"C0038";"signup";"2023-01-06";"referral"
"C0038";"trial_start";"2023-01-07";"referral"
"C0038";"activated";"2023-01-09";"referral"
"C0039";"signup";"2023-02-13";"outbound"
"C0039";"trial_start";"2023-02-14";"outbound"
"C0039";"activated";"2023-02-16";"outbound"
"C0040";"signup";"2023-01-03";"ads"
"C0040";"trial_start";"2023-01-04";"ads"
"C0041";"signup";"2023-01-27";"referral"
"C0041";"trial_start";"2023-01-28";"referral"
"C0042";"signup";"2023-01-09";"organic"
"C0042";"churned";"2023-03-04";"organic"
"C0043";"signup";"2023-03-10";"outbound"
"C0043";"trial_start";"2023-03-11";"outbound"
"C0043";"activated";"2023-03-13";"outbound"
"C0044";"signup";"2023-03-10";"outbound"
"C0044";"trial_start";"2023-03-11";"outbound"
"C0044";"activated";"2023-03-14";"outbound"
"C0045";"signup";"2023-01-27";"organic"
"C0046";"signup";"2023-01-22";"ads"
"C0047";"signup";"2023-03-05";"referral"
"C0047";"trial_start";"2023-03-06";"referral"
"C0048";"signup";"2023-03-05";"organic"
"C0048";"trial_start";"2023-03-06";"organic"
"C0049";"signup";"2023-01-27";"ads"
"C0049";"trial_start";"2023-01-28";"ads"
"C0050";"signup";"2023-02-24";"referral"
"C0050";"trial_start";"2023-02-25";"referral"
"C0051";"signup";"2023-01-18";"ads"
"C0051";"trial_start";"2023-01-19";"ads"
"C0051";"activated";"2023-01-21";"ads"
"C0052";"signup";"2023-03-07";"organic"
"C0052";"trial_start";"2023-03-08";"organic"
"C0052";"activated";"2023-03-12";"organic"
"C0053";"signup";"2023-02-10";"organic"
"C0053";"trial_start";"2023-02-11";"organic"
"C0053";"activated";"2023-02-14";"organic"
"C0054";"signup";"2023-01-11";"referral"
"C0054";"trial_start";"2023-01-12";"referral"
"C0054";"activated";"2023-01-13";"referral"
"C0055";"signup";"2023-01-13";"outbound"
"C0055";"trial_start";"2023-01-14";"outbound"
"C0055";"activated";"2023-01-17";"outbound"
"C0055";"churned";"2023-03-26";"outbound"
"C0056";"signup";"2023-02-08";"referral"
"C0057";"signup";"2023-04-01";"outbound"
"C0057";"trial_start";"2023-04-02";"outbound"
"C0058";"signup";"2023-01-02";"referral"
"C0058";"trial_start";"2023-01-03";"referral"
"C0058";"activated";"2023-01-07";"referral"
"C0059";"signup";"2023-03-02";"ads"
"C0060";"signup";"2023-01-30";"organic"
"C0061";"signup";"2023-03-01";"organic"
"C0061";"trial_start";"2023-03-02";"organic"
"C0062";"signup";"2023-01-27";"organic"
"C0062";"churned";"2023-03-15";"organic"
"C0063";"signup";"2023-02-09";"outbound"
"C0063";"trial_start";"2023-02-10";"outbound"
"C0064";"signup";"2023-01-29";"referral"
"C0064";"trial_start";"2023-01-30";"referral"
"C0064";"activated";"2023-02-04";"referral"
"C0065";"signup";"2023-03-14";"ads"
"C0065";"churned";"2023-05-25";"ads"
"C0066";"signup";"2023-02-18";"organic"
"C0066";"trial_start";"2023-02-19";"organic"
"C0066";"activated";"2023-02-21";"organic"
"C0067";"signup";"2023-03-14";"referral"
"C0067";"trial_start";"2023-03-15";"referral"
"C0067";"activated";"2023-03-17";"referral"
"C0067";"churned";"2023-06-22";"referral"
"C0068";"signup";"2023-01-05";"outbound"
"C0068";"trial_start";"2023-01-06";"outbound"
"C0068";"activated";"2023-01-08";"outbound"
"C0068";"churned";"2023-03-25";"outbound"
"C0069";"signup";"2023-01-27";"referral"
"C0069";"trial_start";"2023-01-28";"referral"
"C0069";"activated";"2023-01-29";"referral"
"C0070";"signup";"2023-01-22";"ads"
"C0071";"signup";"2023-01-17";"ads"
"C0071";"trial_start";"2023-01-18";"ads"
"C0071";"activated";"2023-01-20";"ads"
"C0071";"churned";"2023-03-14";"ads"
"C0072";"signup";"2023-02-25";"referral"
"C0072";"trial_start";"2023-02-26";"referral"
"C0072";"activated";"2023-03-03";"referral"
"C0073";"signup";"2023-03-06";"outbound"
"C0073";"trial_start";"2023-03-07";"outbound"
"C0073";"activated";"2023-03-09";"outbound"
"C0074";"signup";"2023-03-19";"organic"
"C0074";"trial_start";"2023-03-20";"organic"
"C0075";"signup";"2023-03-01";"organic"
"C0076";"signup";"2023-02-14";"organic"
"C0077";"signup";"2023-02-23";"outbound"
"C0078";"signup";"2023-02-19";"organic"
"C0078";"trial_start";"2023-02-20";"organic"
"C0078";"activated";"2023-02-24";"organic"
"C0079";"signup";"2023-01-31";"ads"
"C0079";"trial_start";"2023-02-01";"ads"
"C0080";"signup";"2023-03-31";"ads"
"C0081";"signup";"2023-03-12";"organic"
"C0081";"trial_start";"2023-03-13";"organic"
"C0082";"signup";"2023-02-22";"referral"
"C0082";"trial_start";"2023-02-23";"referral"
"C0082";"activated";"2023-02-27";"referral"
"C0082";"churned";"2023-06-13";"referral"
"C0083";"signup";"2023-02-18";"organic"
"C0083";"trial_start";"2023-02-19";"organic"
"C0083";"activated";"2023-02-20";"organic"
"C0083";"churned";"2023-04-03";"organic"
"C0084";"signup";"2023-02-11";"outbound"
"C0084";"trial_start";"2023-02-12";"outbound"
"C0084";"activated";"2023-02-13";"outbound"
"C0085";"signup";"2023-02-26";"outbound"
"C0086";"signup";"2023-01-03";"outbound"
"C0086";"trial_start";"2023-01-04";"outbound"
"C0086";"activated";"2023-01-08";"outbound"
"C0086";"churned";"2023-04-28";"outbound"
"C0087";"signup";"2023-03-28";"ads"
"C0087";"trial_start";"2023-03-29";"ads"
"C0087";"activated";"2023-03-30";"ads"
"C0088";"signup";"2023-02-26";"outbound"
"C0089";"signup";"2023-02-19";"ads"
"C0089";"trial_start";"2023-02-20";"ads"
"C0089";"activated";"2023-02-21";"ads"
"C0090";"signup";"2023-02-01";"outbound"
"C0090";"trial_start";"2023-02-02";"outbound"
"C0090";"activated";"2023-02-06";"outbound"
"C0090";"churned";"2023-03-04";"outbound"
"C0091";"signup";"2023-01-25";"referral"
"C0091";"trial_start";"2023-01-26";"referral"
"C0091";"churned";"2023-05-20";"referral"
"C0092";"signup";"2023-01-22";"outbound"
"C0092";"trial_start";"2023-01-23";"outbound"
"C0093";"signup";"2023-03-21";"outbound"
"C0093";"trial_start";"2023-03-22";"outbound"
"C0093";"churned";"2023-05-17";"outbound"
"C0094";"signup";"2023-02-15";"ads"
"C0094";"trial_start";"2023-02-16";"ads"
"C0094";"churned";"2023-04-13";"ads"
"C0095";"signup";"2023-01-29";"organic"
"C0096";"signup";"2023-01-06";"referral"
"C0096";"trial_start";"2023-01-07";"referral"
"C0096";"activated";"2023-01-12";"referral"
"C0097";"signup";"2023-03-10";"ads"
"C0098";"signup";"2023-01-13";"referral"
"C0099";"signup";"2023-02-12";"outbound"
"C0100";"signup";"2023-01-09";"organic"
"C0100";"trial_start";"2023-01-10";"organic"
"C0100";"activated";"2023-01-14";"organic"
"C0101";"signup";"2023-03-06";"outbound"
"C0101";"churned";"2023-06-22";"outbound"
"C0102";"signup";"2023-02-09";"ads"
"C0102";"trial_start";"2023-02-10";"ads"
"C0102";"activated";"2023-02-11";"ads"
"C0102";"churned";"2023-04-27";"ads"
"C0103";"signup";"2023-02-07";"organic"
"C0103";"trial_start";"2023-02-08";"organic"
"C0103";"churned";"2023-05-24";"organic"
"C0104";"signup";"2023-02-12";"organic"
"C0104";"trial_start";"2023-02-13";"organic"
"C0104";"churned";"2023-05-06";"organic"
"C0105";"signup";"2023-01-04";"referral"
"C0106";"signup";"2023-03-11";"outbound"
"C0107";"signup";"2023-03-19";"outbound"
"C0107";"trial_start";"2023-03-20";"outbound"
"C0107";"activated";"2023-03-21";"outbound"
"C0107";"churned";"2023-06-19";"outbound"
"C0108";"signup";"2023-01-25";"ads"
"C0109";"signup";"2023-01-12";"outbound"
"C0109";"trial_start";"2023-01-13";"outbound"
"C0109";"churned";"2023-04-16";"outbound"
"C0110";"signup";"2023-02-24";"ads"
"C0110";"trial_start";"2023-02-25";"ads"
"C0110";"churned";"2023-04-17";"ads"
"C0111";"signup";"2023-02-08";"outbound"
"C0111";"trial_start";"2023-02-09";"outbound"
"C0112";"signup";"2023-01-11";"organic"
"C0112";"trial_start";"2023-01-12";"organic"
"C0112";"activated";"2023-01-16";"organic"
"C0113";"signup";"2023-01-20";"organic"
"C0113";"churned";"2023-04-08";"organic"
"C0114";"signup";"2023-01-11";"organic"
"C0115";"signup";"2023-03-12";"outbound"
"C0115";"trial_start";"2023-03-13";"outbound"
"C0115";"activated";"2023-03-17";"outbound"
"C0116";"signup";"2023-01-10";"organic"
"C0116";"churned";"2023-03-05";"organic"
"C0117";"signup";"2023-01-02";"ads"
"C0118";"signup";"2023-02-23";"organic"
"C0119";"signup";"2023-02-09";"organic"
"C0119";"trial_start";"2023-02-10";"organic"
"C0119";"activated";"2023-02-11";"organic"
"C0120";"signup";"2023-02-19";"ads"
"C0120";"trial_start";"2023-02-20";"ads"
"C0121";"signup";"2023-03-07";"referral"
"C0121";"trial_start";"2023-03-08";"referral"
"C0121";"activated";"2023-03-09";"referral"
"C0122";"signup";"2023-02-01";"organic"
"C0122";"trial_start";"2023-02-02";"organic"
"C0123";"signup";"2023-03-31";"ads"
"C0123";"trial_start";"2023-04-01";"ads"
"C0124";"signup";"2023-02-02";"outbound"
"C0124";"trial_start";"2023-02-03";"outbound"
"C0124";"churned";"2023-03-18";"outbound"
"C0125";"signup";"2023-03-24";"ads"
"C0125";"trial_start";"2023-03-25";"ads"
"C0126";"signup";"2023-03-08";"ads"
"C0126";"churned";"2023-05-31";"ads"
"C0127";"signup";"2023-03-30";"referral"
"C0128";"signup";"2023-03-17";"organic"
"C0128";"trial_start";"2023-03-18";"organic"
"C0129";"signup";"2023-01-14";"ads"
"C0130";"signup";"2023-02-04";"outbound"
"C0131";"signup";"2023-01-01";"referral"
"C0131";"churned";"2023-02-08";"referral"
"C0132";"signup";"2023-03-09";"organic"
"C0132";"trial_start";"2023-03-10";"organic"
"C0132";"activated";"2023-03-12";"organic"
"C0133";"signup";"2023-01-26";"outbound"
"C0133";"trial_start";"2023-01-27";"outbound"
"C0133";"activated";"2023-02-01";"outbound"
"C0134";"signup";"2023-01-26";"outbound"
"C0134";"trial_start";"2023-01-27";"outbound"
"C0135";"signup";"2023-02-26";"organic"
"C0135";"trial_start";"2023-02-27";"organic"
"C0135";"churned";"2023-05-04";"organic"
"C0136";"signup";"2023-02-18";"ads"
"C0136";"trial_start";"2023-02-19";"ads"
"C0136";"activated";"2023-02-21";"ads"
"C0137";"signup";"2023-01-02";"ads"
"C0137";"churned";"2023-04-16";"ads"
"C0138";"signup";"2023-01-13";"ads"
"C0139";"signup";"2023-03-04";"referral"
"C0139";"trial_start";"2023-03-05";"referral"
"C0139";"activated";"2023-03-08";"referral"
"C0140";"signup";"2023-02-10";"referral"
"C0141";"signup";"2023-03-20";"organic"
"C0141";"trial_start";"2023-03-21";"organic"
"C0141";"activated";"2023-03-22";"organic"
"C0141";"churned";"2023-07-17";"organic"
"C0142";"signup";"2023-01-18";"organic"
"C0142";"trial_start";"2023-01-19";"organic"
"C0142";"activated";"2023-01-21";"organic"
"C0143";"signup";"2023-03-07";"organic"
"C0143";"trial_start";"2023-03-08";"organic"
"C0144";"signup";"2023-01-03";"referral"
"C0145";"signup";"2023-03-28";"referral"
"C0145";"trial_start";"2023-03-29";"referral"
"C0145";"activated";"2023-04-03";"referral"
"C0146";"signup";"2023-02-24";"referral"
"C0147";"signup";"2023-02-19";"ads"
"C0147";"trial_start";"2023-02-20";"ads"
"C0147";"activated";"2023-02-25";"ads"
"C0148";"signup";"2023-01-17";"ads"
"C0148";"trial_start";"2023-01-18";"ads"
"C0149";"signup";"2023-01-22";"organic"
"C0150";"signup";"2023-02-01";"outbound"
"C0151";"signup";"2023-01-14";"ads"
"C0151";"churned";"2023-03-26";"ads"
"C0152";"signup";"2023-02-05";"organic"
"C0152";"trial_start";"2023-02-06";"organic"
"C0152";"activated";"2023-02-07";"organic"
"C0153";"signup";"2023-01-12";"organic"
"C0153";"trial_start";"2023-01-13";"organic"
"C0153";"activated";"2023-01-18";"organic"
"C0154";"signup";"2023-03-24";"ads"
"C0155";"signup";"2023-03-25";"organic"
"C0155";"trial_start";"2023-03-26";"organic"
"C0156";"signup";"2023-02-03";"outbound"
"C0156";"trial_start";"2023-02-04";"outbound"
"C0156";"activated";"2023-02-09";"outbound"
"C0157";"signup";"2023-03-15";"ads"
"C0158";"signup";"2023-02-09";"ads"
"C0158";"trial_start";"2023-02-10";"ads"
"C0159";"signup";"2023-02-16";"referral"
"C0159";"churned";"2023-06-10";"referral"
"C0160";"signup";"2023-01-14";"outbound"
"C0160";"trial_start";"2023-01-15";"outbound"
"C0160";"activated";"2023-01-17";"outbound"
"C0161";"signup";"2023-01-29";"referral"
"C0161";"trial_start";"2023-01-30";"referral"
"C0161";"churned";"2023-05-24";"referral"
"C0162";"signup";"2023-03-18";"ads"
"C0162";"trial_start";"2023-03-19";"ads"
"C0163";"signup";"2023-03-22";"organic"
"C0163";"trial_start";"2023-03-23";"organic"
"C0164";"signup";"2023-01-20";"referral"
"C0164";"trial_start";"2023-01-21";"referral"
"C0165";"signup";"2023-01-23";"ads"
"C0166";"signup";"2023-01-03";"outbound"
"C0166";"trial_start";"2023-01-04";"outbound"
"C0167";"signup";"2023-02-20";"organic"
"C0168";"signup";"2023-03-31";"outbound"
"C0168";"trial_start";"2023-04-01";"outbound"
"C0168";"activated";"2023-04-06";"outbound"
"C0169";"signup";"2023-04-01";"ads"
"C0169";"trial_start";"2023-04-02";"ads"
"C0169";"activated";"2023-04-06";"ads"
"C0170";"signup";"2023-01-19";"referral"
"C0170";"churned";"2023-05-12";"referral"
"C0171";"signup";"2023-02-16";"ads"
"C0171";"trial_start";"2023-02-17";"ads"
"C0172";"signup";"2023-02-18";"outbound"
"C0172";"trial_start";"2023-02-19";"outbound"
"C0173";"signup";"2023-02-15";"ads"
"C0173";"trial_start";"2023-02-16";"ads"
"C0173";"activated";"2023-02-21";"ads"
"C0174";"signup";"2023-01-20";"organic"
"C0174";"trial_start";"2023-01-21";"organic"
"C0174";"activated";"2023-01-23";"organic"
"C0175";"signup";"2023-03-30";"referral"
"C0175";"trial_start";"2023-03-31";"referral"
"C0176";"signup";"2023-03-01";"ads"
"C0176";"trial_start";"2023-03-02";"ads"
"C0176";"activated";"2023-03-06";"ads"
"C0177";"signup";"2023-01-15";"ads"
"C0177";"trial_start";"2023-01-16";"ads"
"C0178";"signup";"2023-03-17";"ads"
"C0178";"trial_start";"2023-03-18";"ads"
"C0178";"activated";"2023-03-19";"ads"
"C0179";"signup";"2023-02-19";"outbound"
"C0179";"trial_start";"2023-02-20";"outbound"
"C0179";"activated";"2023-02-25";"outbound"
"C0179";"churned";"2023-05-01";"outbound"
"C0180";"signup";"2023-03-10";"ads"
"C0180";"churned";"2023-06-19";"ads"
"C0181";"signup";"2023-01-09";"organic"
"C0181";"trial_start";"2023-01-10";"organic"
"C0182";"signup";"2023-01-27";"ads"
"C0182";"churned";"2023-05-13";"ads"
"C0183";"signup";"2023-01-01";"outbound"
"C0183";"churned";"2023-02-16";"outbound"
"C0184";"signup";"2023-03-25";"outbound"
"C0184";"trial_start";"2023-03-26";"outbound"
"C0184";"churned";"2023-05-09";"outbound"
"C0185";"signup";"2023-02-16";"referral"
"C0185";"trial_start";"2023-02-17";"referral"
"C0186";"signup";"2023-02-08";"outbound"
"C0187";"signup";"2023-03-26";"referral"
"C0187";"trial_start";"2023-03-27";"referral"
"C0187";"activated";"2023-03-30";"referral"
"C0188";"signup";"2023-03-19";"referral"
"C0188";"trial_start";"2023-03-20";"referral"
"C0188";"activated";"2023-03-21";"referral"
"C0188";"churned";"2023-05-12";"referral"
"C0189";"signup";"2023-02-08";"outbound"
"C0189";"trial_start";"2023-02-09";"outbound"
"C0189";"activated";"2023-02-14";"outbound"
"C0189";"churned";"2023-04-24";"outbound"
"C0190";"signup";"2023-01-17";"referral"
"C0190";"trial_start";"2023-01-18";"referral"
"C0190";"activated";"2023-01-21";"referral"
"C0191";"signup";"2023-02-21";"outbound"
"C0192";"signup";"2023-03-10";"outbound"
"C0192";"trial_start";"2023-03-11";"outbound"
"C0192";"activated";"2023-03-13";"outbound"
"C0193";"signup";"2023-02-23";"outbound"
"C0193";"trial_start";"2023-02-24";"outbound"
"C0194";"signup";"2023-01-10";"outbound"
"C0194";"trial_start";"2023-01-11";"outbound"
"C0195";"signup";"2023-03-23";"referral"
"C0196";"signup";"2023-01-29";"outbound"
"C0196";"trial_start";"2023-01-30";"outbound"
"C0196";"churned";"2023-03-13";"outbound"
"C0197";"signup";"2023-01-23";"ads"
"C0198";"signup";"2023-01-13";"organic"
"C0199";"signup";"2023-03-19";"referral"
"C0199";"trial_start";"2023-03-20";"referral"
"C0199";"activated";"2023-03-24";"referral"
"C0199";"churned";"2023-07-13";"referral"
"C0200";"signup";"2023-03-03";"organic"
"C0200";"trial_start";"2023-03-04";"organic"
"C0201";"signup";"2023-01-19";"outbound"
"C0201";"churned";"2023-05-10";"outbound"
"C0202";"signup";"2023-04-01";"referral"
"C0202";"trial_start";"2023-04-02";"referral"
"C0202";"activated";"2023-04-06";"referral"
"C0202";"churned";"2023-06-15";"referral"
"C0203";"signup";"2023-03-06";"organic"
"C0204";"signup";"2023-02-09";"outbound"
"C0204";"trial_start";"2023-02-10";"outbound"
"C0204";"activated";"2023-02-13";"outbound"
"C0205";"signup";"2023-01-10";"ads"
"C0205";"churned";"2023-02-16";"ads"
"C0206";"signup";"2023-02-06";"ads"
"C0206";"trial_start";"2023-02-07";"ads"
"C0207";"signup";"2023-03-28";"organic"
"C0208";"signup";"2023-02-21";"ads"
"C0208";"trial_start";"2023-02-22";"ads"
"C0208";"churned";"2023-05-16";"ads"
"C0209";"signup";"2023-02-01";"referral"
"C0209";"trial_start";"2023-02-02";"referral"
"C0210";"signup";"2023-03-19";"ads"
"C0210";"trial_start";"2023-03-20";"ads"
"C0211";"signup";"2023-01-23";"outbound"
"C0212";"signup";"2023-02-24";"ads"
"C0212";"trial_start";"2023-02-25";"ads"
"C0213";"signup";"2023-03-11";"outbound"
"C0214";"signup";"2023-02-07";"organic"
"C0214";"trial_start";"2023-02-08";"organic"
"C0215";"signup";"2023-03-24";"referral"
"C0216";"signup";"2023-01-08";"organic"
"C0216";"trial_start";"2023-01-09";"organic"
"C0216";"activated";"2023-01-12";"organic"
"C0216";"churned";"2023-03-23";"organic"
"C0217";"signup";"2023-02-21";"outbound"
"C0217";"trial_start";"2023-02-22";"outbound"
"C0217";"activated";"2023-02-23";"outbound"
"C0218";"signup";"2023-02-22";"outbound"
"C0218";"trial_start";"2023-02-23";"outbound"
"C0218";"activated";"2023-02-26";"outbound"
"C0218";"churned";"2023-05-13";"outbound"
"C0219";"signup";"2023-02-08";"referral"
"C0220";"signup";"2023-01-14";"referral"
"C0220";"trial_start";"2023-01-15";"referral"
"C0220";"activated";"2023-01-17";"referral"
"C0221";"signup";"2023-01-01";"organic"
"C0221";"churned";"2023-02-24";"organic"
"C0222";"signup";"2023-01-06";"referral"
"C0222";"trial_start";"2023-01-07";"referral"
"C0222";"activated";"2023-01-08";"referral"
"C0222";"churned";"2023-03-02";"referral"
"C0223";"signup";"2023-03-27";"organic"
"C0223";"trial_start";"2023-03-28";"organic"
"C0223";"activated";"2023-04-01";"organic"
"C0224";"signup";"2023-02-11";"outbound"
"C0225";"signup";"2023-01-17";"organic"
"C0225";"trial_start";"2023-01-18";"organic"
"C0225";"activated";"2023-01-20";"organic"
"C0226";"signup";"2023-03-29";"ads"
"C0226";"trial_start";"2023-03-30";"ads"
"C0226";"activated";"2023-04-04";"ads"
"C0227";"signup";"2023-03-03";"organic"
"C0227";"trial_start";"2023-03-04";"organic"
"C0227";"churned";"2023-04-21";"organic"
"C0228";"signup";"2023-02-01";"outbound"
"C0228";"trial_start";"2023-02-02";"outbound"
"C0228";"activated";"2023-02-04";"outbound"
"C0229";"signup";"2023-01-26";"organic"
"C0229";"churned";"2023-04-30";"organic"
"C0230";"signup";"2023-01-25";"outbound"
"C0230";"trial_start";"2023-01-26";"outbound"
"C0230";"churned";"2023-03-12";"outbound"
"C0231";"signup";"2023-01-05";"organic"
"C0231";"trial_start";"2023-01-06";"organic"
"C0231";"activated";"2023-01-07";"organic"
"C0232";"signup";"2023-01-07";"ads"
"C0232";"trial_start";"2023-01-08";"ads"
"C0233";"signup";"2023-02-13";"outbound"
"C0233";"trial_start";"2023-02-14";"outbound"
"C0233";"activated";"2023-02-15";"outbound"
"C0234";"signup";"2023-02-16";"referral"
"C0234";"trial_start";"2023-02-17";"referral"
"C0234";"activated";"2023-02-20";"referral"
"C0235";"signup";"2023-01-06";"outbound"
"C0235";"trial_start";"2023-01-07";"outbound"
"C0235";"activated";"2023-01-10";"outbound"
"C0236";"signup";"2023-02-25";"ads"
"C0237";"signup";"2023-01-15";"referral"
"C0237";"trial_start";"2023-01-16";"referral"
"C0237";"activated";"2023-01-18";"referral"
"C0238";"signup";"2023-03-17";"referral"
"C0238";"trial_start";"2023-03-18";"referral"
"C0238";"churned";"2023-06-04";"referral"
"C0239";"signup";"2023-01-14";"ads"
"C0239";"churned";"2023-04-29";"ads"
"C0240";"signup";"2023-01-25";"outbound"
"C0240";"churned";"2023-05-04";"outbound"
"C0241";"signup";"2023-02-08";"referral"
"C0241";"churned";"2023-03-29";"referral"
"C0242";"signup";"2023-01-17";"ads"
"C0242";"trial_start";"2023-01-18";"ads"
"C0242";"activated";"2023-01-23";"ads"
"C0243";"signup";"2023-02-27";"referral"
"C0243";"trial_start";"2023-02-28";"referral"
"C0243";"activated";"2023-03-04";"referral"
"C0244";"signup";"2023-01-22";"ads"
"C0244";"trial_start";"2023-01-23";"ads"
"C0244";"activated";"2023-01-24";"ads"
"C0245";"signup";"2023-03-30";"ads"
"C0246";"signup";"2023-01-22";"ads"
"C0246";"trial_start";"2023-01-23";"ads"
"C0246";"activated";"2023-01-27";"ads"
"C0247";"signup";"2023-01-27";"referral"
"C0247";"trial_start";"2023-01-28";"referral"
"C0247";"activated";"2023-01-29";"referral"
"C0248";"signup";"2023-03-06";"organic"
"C0248";"trial_start";"2023-03-07";"organic"
"C0248";"activated";"2023-03-09";"organic"
"C0249";"signup";"2023-03-12";"referral"
"C0249";"trial_start";"2023-03-13";"referral"
"C0249";"activated";"2023-03-16";"referral"
"C0249";"churned";"2023-04-29";"referral"
"C0250";"signup";"2023-01-18";"referral"
"C0251";"signup";"2023-01-27";"outbound"
"C0251";"trial_start";"2023-01-28";"outbound"
"C0251";"activated";"2023-02-02";"outbound"
"C0252";"signup";"2023-01-11";"referral"
"C0253";"signup";"2023-02-22";"outbound"
"C0253";"trial_start";"2023-02-23";"outbound"
"C0254";"signup";"2023-02-15";"ads"
"C0254";"churned";"2023-03-19";"ads"
"C0255";"signup";"2023-03-30";"ads"
"C0255";"trial_start";"2023-03-31";"ads"
"C0256";"signup";"2023-02-26";"outbound"
"C0256";"trial_start";"2023-02-27";"outbound"
"C0256";"activated";"2023-03-03";"outbound"
"C0256";"churned";"2023-04-26";"outbound"
"C0257";"signup";"2023-02-17";"organic"
"C0257";"trial_start";"2023-02-18";"organic"
"C0257";"activated";"2023-02-22";"organic"
"C0257";"churned";"2023-04-10";"organic"
"C0258";"signup";"2023-03-14";"outbound"
"C0259";"signup";"2023-02-09";"ads"
"C0259";"trial_start";"2023-02-10";"ads"
"C0259";"activated";"2023-02-15";"ads"
"C0259";"churned";"2023-03-29";"ads"
"C0260";"signup";"2023-02-24";"ads"
"C0261";"signup";"2023-03-09";"ads"
"C0261";"churned";"2023-04-20";"ads"
"C0262";"signup";"2023-02-19";"organic"
"C0263";"signup";"2023-01-17";"ads"
"C0263";"trial_start";"2023-01-18";"ads"
"C0263";"activated";"2023-01-23";"ads"
"C0263";"churned";"2023-02-17";"ads"
"C0264";"signup";"2023-03-11";"ads"
"C0264";"trial_start";"2023-03-12";"ads"
"C0264";"churned";"2023-06-10";"ads"
"C0265";"signup";"2023-01-21";"organic"
"C0265";"trial_start";"2023-01-22";"organic"
"C0265";"activated";"2023-01-27";"organic"
"C0266";"signup";"2023-01-03";"ads"
"C0266";"trial_start";"2023-01-04";"ads"
"C0266";"activated";"2023-01-09";"ads"
"C0267";"signup";"2023-01-19";"organic"
"C0267";"trial_start";"2023-01-20";"organic"
"C0267";"activated";"2023-01-24";"organic"
"C0267";"churned";"2023-05-12";"organic"
"C0268";"signup";"2023-01-29";"referral"
"C0268";"trial_start";"2023-01-30";"referral"
"C0269";"signup";"2023-03-04";"ads"
"C0269";"trial_start";"2023-03-05";"ads"
"C0269";"activated";"2023-03-08";"ads"
"C0270";"signup";"2023-01-16";"referral"
"C0270";"churned";"2023-02-20";"referral"
"C0271";"signup";"2023-01-23";"outbound"
"C0271";"trial_start";"2023-01-24";"outbound"
"C0271";"activated";"2023-01-28";"outbound"
"C0271";"churned";"2023-05-18";"outbound"
"C0272";"signup";"2023-03-21";"referral"
"C0272";"trial_start";"2023-03-22";"referral"
"C0272";"activated";"2023-03-26";"referral"
"C0273";"signup";"2023-01-10";"referral"
"C0274";"signup";"2023-02-10";"outbound"
"C0274";"trial_start";"2023-02-11";"outbound"
"C0275";"signup";"2023-01-15";"ads"
"C0276";"signup";"2023-02-11";"ads"
"C0276";"trial_start";"2023-02-12";"ads"
"C0276";"activated";"2023-02-15";"ads"
"C0277";"signup";"2023-03-30";"organic"
"C0277";"trial_start";"2023-03-31";"organic"
"C0277";"churned";"2023-07-21";"organic"
"C0278";"signup";"2023-02-19";"outbound"
"C0278";"trial_start";"2023-02-20";"outbound"
"C0278";"activated";"2023-02-25";"outbound"
"C0279";"signup";"2023-02-19";"outbound"
"C0280";"signup";"2023-03-31";"outbound"
"C0280";"trial_start";"2023-04-01";"outbound"
"C0280";"activated";"2023-04-02";"outbound"
"C0281";"signup";"2023-01-18";"organic"
"C0281";"trial_start";"2023-01-19";"organic"
"C0281";"activated";"2023-01-21";"organic"
"C0282";"signup";"2023-03-12";"outbound"
"C0282";"churned";"2023-05-09";"outbound"
"C0283";"signup";"2023-01-18";"ads"
"C0283";"trial_start";"2023-01-19";"ads"
"C0283";"activated";"2023-01-20";"ads"
"C0284";"signup";"2023-02-17";"organic"
"C0284";"trial_start";"2023-02-18";"organic"
"C0284";"activated";"2023-02-22";"organic"
"C0285";"signup";"2023-01-04";"outbound"
"C0285";"trial_start";"2023-01-05";"outbound"
"C0285";"activated";"2023-01-06";"outbound"
"C0286";"signup";"2023-01-20";"organic"
"C0286";"trial_start";"2023-01-21";"organic"
"C0286";"activated";"2023-01-26";"organic"
"C0287";"signup";"2023-03-02";"referral"
"C0287";"trial_start";"2023-03-03";"referral"
"C0288";"signup";"2023-01-15";"referral"
"C0288";"churned";"2023-03-08";"referral"
"C0289";"signup";"2023-01-02";"outbound"
"C0289";"trial_start";"2023-01-03";"outbound"
"C0290";"signup";"2023-03-15";"referral"
"C0291";"signup";"2023-02-04";"outbound"
"C0291";"trial_start";"2023-02-05";"outbound"
"C0291";"churned";"2023-04-02";"outbound"
"C0292";"signup";"2023-03-21";"organic"
"C0292";"trial_start";"2023-03-22";"organic"
"C0293";"signup";"2023-03-30";"ads"
"C0293";"trial_start";"2023-03-31";"ads"
"C0294";"signup";"2023-01-07";"outbound"
"C0294";"trial_start";"2023-01-08";"outbound"
"C0294";"activated";"2023-01-09";"outbound"
"C0294";"churned";"2023-03-24";"outbound"
"C0295";"signup";"2023-01-04";"referral"
"C0295";"trial_start";"2023-01-05";"referral"
"C0295";"activated";"2023-01-07";"referral"
"C0296";"signup";"2023-01-25";"referral"
"C0296";"trial_start";"2023-01-26";"referral"
"C0296";"activated";"2023-01-29";"referral"
"C0296";"churned";"2023-05-07";"referral"
"C0297";"signup";"2023-03-14";"ads"
"C0297";"trial_start";"2023-03-15";"ads"
"C0297";"activated";"2023-03-16";"ads"
"C0298";"signup";"2023-02-15";"ads"
"C0299";"signup";"2023-02-20";"referral"
"C0300";"signup";"2023-02-12";"ads"
"C0300";"churned";"2023-04-02";"ads"
"C0301";"signup";"2023-03-17";"ads"
"C0301";"trial_start";"2023-03-18";"ads"
"C0301";"churned";"2023-05-06";"ads"
"C0302";"signup";"2023-03-29";"outbound"
"C0302";"churned";"2023-05-27";"outbound"
"C0303";"signup";"2023-03-29";"outbound"
"C0303";"churned";"2023-07-01";"outbound"
"C0304";"signup";"2023-02-27";"referral"
"C0304";"trial_start";"2023-02-28";"referral"
"C0304";"activated";"2023-03-04";"referral"
"C0304";"churned";"2023-06-24";"referral"
"C0305";"signup";"2023-01-31";"organic"
"C0305";"trial_start";"2023-02-01";"organic"
"C0305";"activated";"2023-02-03";"organic"
"C0306";"signup";"2023-01-13";"organic"
"C0306";"trial_start";"2023-01-14";"organic"
"C0307";"signup";"2023-03-05";"ads"
"C0307";"trial_start";"2023-03-06";"ads"
"C0307";"churned";"2023-05-09";"ads"
"C0308";"signup";"2023-02-15";"referral"
"C0308";"trial_start";"2023-02-16";"referral"
"C0309";"signup";"2023-02-02";"organic"
"C0309";"trial_start";"2023-02-03";"organic"
"C0310";"signup";"2023-01-06";"organic"
"C0310";"trial_start";"2023-01-07";"organic"
"C0310";"activated";"2023-01-12";"organic"
"C0311";"signup";"2023-02-26";"outbound"
"C0312";"signup";"2023-01-11";"referral"
"C0312";"trial_start";"2023-01-12";"referral"
"C0312";"activated";"2023-01-13";"referral"
"C0313";"signup";"2023-02-01";"ads"
"C0313";"trial_start";"2023-02-02";"ads"
"C0313";"activated";"2023-02-03";"ads"
"C0314";"signup";"2023-03-14";"outbound"
"C0314";"trial_start";"2023-03-15";"outbound"
"C0314";"activated";"2023-03-19";"outbound"
"C0315";"signup";"2023-03-01";"referral"
"C0315";"trial_start";"2023-03-02";"referral"
"C0315";"churned";"2023-04-23";"referral"
"C0316";"signup";"2023-02-20";"ads"
"C0316";"trial_start";"2023-02-21";"ads"
"C0316";"activated";"2023-02-24";"ads"
"C0317";"signup";"2023-01-28";"organic"
"C0317";"trial_start";"2023-01-29";"organic"
"C0317";"activated";"2023-01-30";"organic"
"C0318";"signup";"2023-01-19";"organic"
"C0318";"trial_start";"2023-01-20";"organic"
"C0318";"activated";"2023-01-25";"organic"
"C0319";"signup";"2023-02-16";"ads"
"C0319";"churned";"2023-04-14";"ads"
"C0320";"signup";"2023-03-29";"ads"
"C0320";"trial_start";"2023-03-30";"ads"
"C0320";"activated";"2023-04-01";"ads"
"C0320";"churned";"2023-06-18";"ads"
"C0321";"signup";"2023-02-08";"ads"
"C0321";"trial_start";"2023-02-09";"ads"
"C0321";"activated";"2023-02-11";"ads"
"C0322";"signup";"2023-01-24";"referral"
"C0322";"trial_start";"2023-01-25";"referral"
"C0323";"signup";"2023-01-22";"referral"
"C0324";"signup";"2023-03-31";"outbound"
"C0325";"signup";"2023-03-13";"ads"
"C0325";"trial_start";"2023-03-14";"ads"
"C0325";"activated";"2023-03-19";"ads"
"C0326";"signup";"2023-03-27";"referral"
"C0327";"signup";"2023-01-02";"referral"
"C0327";"trial_start";"2023-01-03";"referral"
"C0327";"activated";"2023-01-06";"referral"
"C0327";"churned";"2023-04-28";"referral"
"C0328";"signup";"2023-02-03";"organic"
"C0328";"trial_start";"2023-02-04";"organic"
"C0328";"activated";"2023-02-06";"organic"
"C0329";"signup";"2023-01-05";"ads"
"C0330";"signup";"2023-03-18";"outbound"
"C0330";"trial_start";"2023-03-19";"outbound"
"C0331";"signup";"2023-02-17";"ads"
"C0331";"trial_start";"2023-02-18";"ads"
"C0332";"signup";"2023-03-31";"ads"
"C0333";"signup";"2023-02-15";"referral"
"C0333";"trial_start";"2023-02-16";"referral"
"C0334";"signup";"2023-02-28";"outbound"
"C0334";"trial_start";"2023-03-01";"outbound"
"C0334";"activated";"2023-03-06";"outbound"
"C0335";"signup";"2023-03-26";"referral"
"C0335";"trial_start";"2023-03-27";"referral"
"C0335";"activated";"2023-04-01";"referral"
"C0336";"signup";"2023-01-12";"ads"
"C0336";"trial_start";"2023-01-13";"ads"
"C0337";"signup";"2023-01-14";"organic"
"C0338";"signup";"2023-03-23";"ads"
"C0338";"trial_start";"2023-03-24";"ads"
"C0338";"activated";"2023-03-27";"ads"
"C0339";"signup";"2023-01-29";"outbound"
"C0339";"trial_start";"2023-01-30";"outbound"
"C0339";"activated";"2023-02-03";"outbound"
"C0340";"signup";"2023-03-01";"referral"
"C0341";"signup";"2023-01-01";"organic"
"C0342";"signup";"2023-03-26";"referral"
"C0343";"signup";"2023-03-28";"organic"
"C0344";"signup";"2023-01-04";"ads"
"C0344";"trial_start";"2023-01-05";"ads"
"C0345";"signup";"2023-02-12";"referral"
"C0345";"trial_start";"2023-02-13";"referral"
"C0345";"activated";"2023-02-18";"referral"
"C0346";"signup";"2023-03-20";"outbound"
"C0347";"signup";"2023-01-17";"organic"
"C0347";"trial_start";"2023-01-18";"organic"
"C0348";"signup";"2023-03-08";"referral"
"C0348";"trial_start";"2023-03-09";"referral"
"C0348";"churned";"2023-04-22";"referral"
"C0349";"signup";"2023-03-22";"organic"
"C0349";"churned";"2023-06-01";"organic"
"C0350";"signup";"2023-01-12";"outbound"
"C0350";"trial_start";"2023-01-13";"outbound"
"C0351";"signup";"2023-03-21";"ads"
"C0351";"churned";"2023-06-07";"ads"
"C0352";"signup";"2023-01-17";"ads"
"C0352";"trial_start";"2023-01-18";"ads"
"C0352";"churned";"2023-05-10";"ads"
"C0353";"signup";"2023-02-08";"outbound"
"C0354";"signup";"2023-02-03";"organic"
"C0354";"trial_start";"2023-02-04";"organic"
"C0355";"signup";"2023-01-15";"ads"
"C0355";"trial_start";"2023-01-16";"ads"
"C0355";"activated";"2023-01-19";"ads"
"C0356";"signup";"2023-01-12";"outbound"
"C0357";"signup";"2023-02-20";"outbound"
"C0358";"signup";"2023-03-22";"organic"
"C0358";"trial_start";"2023-03-23";"organic"
"C0358";"activated";"2023-03-26";"organic"
"C0359";"signup";"2023-01-21";"organic"
"C0359";"trial_start";"2023-01-22";"organic"
"C0359";"activated";"2023-01-27";"organic"
"C0360";"signup";"2023-01-16";"ads"
"C0361";"signup";"2023-01-21";"ads"
"C0361";"trial_start";"2023-01-22";"ads"
"C0361";"activated";"2023-01-27";"ads"
"C0361";"churned";"2023-02-22";"ads"
"C0362";"signup";"2023-01-28";"outbound"
"C0362";"trial_start";"2023-01-29";"outbound"
"C0362";"activated";"2023-02-01";"outbound"
"C0362";"churned";"2023-03-09";"outbound"
"C0363";"signup";"2023-02-04";"outbound"
"C0363";"trial_start";"2023-02-05";"outbound"
"C0363";"activated";"2023-02-10";"outbound"
"C0364";"signup";"2023-03-05";"organic"
"C0365";"signup";"2023-01-23";"referral"
"C0366";"signup";"2023-01-14";"organic"
"C0367";"signup";"2023-03-04";"outbound"
"C0367";"trial_start";"2023-03-05";"outbound"
"C0367";"activated";"2023-03-08";"outbound"
"C0368";"signup";"2023-03-19";"ads"
"C0368";"trial_start";"2023-03-20";"ads"
"C0368";"activated";"2023-03-21";"ads"
"C0369";"signup";"2023-03-07";"ads"
"C0369";"trial_start";"2023-03-08";"ads"
"C0370";"signup";"2023-02-20";"referral"
"C0370";"trial_start";"2023-02-21";"referral"
"C0370";"activated";"2023-02-23";"referral"
"C0371";"signup";"2023-01-28";"ads"
"C0371";"trial_start";"2023-01-29";"ads"
"C0371";"churned";"2023-04-08";"ads"
"C0372";"signup";"2023-02-12";"ads"
"C0372";"trial_start";"2023-02-13";"ads"
"C0372";"activated";"2023-02-15";"ads"
"C0373";"signup";"2023-02-06";"organic"
"C0373";"trial_start";"2023-02-07";"organic"
"C0373";"activated";"2023-02-10";"organic"
"C0374";"signup";"2023-03-15";"ads"
"C0374";"trial_start";"2023-03-16";"ads"
"C0375";"signup";"2023-01-26";"referral"
"C0376";"signup";"2023-02-23";"referral"
"C0376";"trial_start";"2023-02-24";"referral"
"C0377";"signup";"2023-03-15";"outbound"
"C0377";"trial_start";"2023-03-16";"outbound"
"C0378";"signup";"2023-03-01";"ads"
"C0379";"signup";"2023-02-13";"ads"
"C0379";"trial_start";"2023-02-14";"ads"
"C0379";"activated";"2023-02-18";"ads"
"C0380";"signup";"2023-02-10";"referral"
"C0380";"trial_start";"2023-02-11";"referral"
"C0380";"activated";"2023-02-14";"referral"
"C0381";"signup";"2023-02-20";"ads"
"C0382";"signup";"2023-02-17";"ads"
"C0382";"trial_start";"2023-02-18";"ads"
"C0382";"activated";"2023-02-19";"ads"
"C0382";"churned";"2023-04-29";"ads"
"C0383";"signup";"2023-01-29";"organic"
"C0383";"trial_start";"2023-01-30";"organic"
"C0384";"signup";"2023-03-30";"ads"
"C0384";"trial_start";"2023-03-31";"ads"
"C0384";"churned";"2023-06-06";"ads"
"C0385";"signup";"2023-02-03";"ads"
"C0385";"trial_start";"2023-02-04";"ads"
"C0386";"signup";"2023-01-18";"outbound"
"C0386";"trial_start";"2023-01-19";"outbound"
"C0386";"activated";"2023-01-21";"outbound"
"C0387";"signup";"2023-03-23";"organic"
"C0387";"trial_start";"2023-03-24";"organic"
"C0387";"activated";"2023-03-29";"organic"
"C0388";"signup";"2023-02-05";"organic"
"C0388";"churned";"2023-04-09";"organic"
"C0389";"signup";"2023-01-11";"referral"
"C0389";"churned";"2023-05-03";"referral"
"C0390";"signup";"2023-03-30";"outbound"
"C0390";"churned";"2023-04-30";"outbound"
"C0391";"signup";"2023-03-01";"outbound"
"C0391";"trial_start";"2023-03-02";"outbound"
"C0391";"activated";"2023-03-04";"outbound"
"C0392";"signup";"2023-02-09";"referral"
"C0392";"trial_start";"2023-02-10";"referral"
"C0392";"churned";"2023-03-27";"referral"
"C0393";"signup";"2023-02-16";"outbound"
"C0393";"trial_start";"2023-02-17";"outbound"
"C0393";"churned";"2023-05-08";"outbound"
"C0394";"signup";"2023-01-09";"outbound"
"C0394";"trial_start";"2023-01-10";"outbound"
"C0394";"activated";"2023-01-15";"outbound"
"C0395";"signup";"2023-03-01";"outbound"
"C0395";"churned";"2023-05-28";"outbound"
"C0396";"signup";"2023-02-04";"outbound"
"C0396";"trial_start";"2023-02-05";"outbound"
"C0396";"activated";"2023-02-08";"outbound"
"C0396";"churned";"2023-05-15";"outbound"
"C0397";"signup";"2023-02-15";"ads"
"C0397";"trial_start";"2023-02-16";"ads"
"C0397";"activated";"2023-02-21";"ads"
"C0398";"signup";"2023-02-04";"organic"
"C0398";"trial_start";"2023-02-05";"organic"
"C0398";"activated";"2023-02-09";"organic"
"C0398";"churned";"2023-03-30";"organic"
"C0399";"signup";"2023-01-23";"organic"
"C0399";"trial_start";"2023-01-24";"organic"
"C0399";"activated";"2023-01-28";"organic"
"C0399";"churned";"2023-02-28";"organic"
"C0400";"signup";"2023-01-15";"outbound"
"C0400";"trial_start";"2023-01-16";"outbound"
"C0400";"activated";"2023-01-19";"outbound"
"C0400";"churned";"2023-04-23";"outbound"
"C0401";"signup";"2023-02-05";"ads"
"C0401";"trial_start";"2023-02-06";"ads"
"C0402";"signup";"2023-01-29";"ads"
"C0403";"signup";"2023-01-22";"outbound"
"C0403";"trial_start";"2023-01-23";"outbound"
"C0403";"activated";"2023-01-28";"outbound"
"C0404";"signup";"2023-01-13";"ads"
"C0405";"signup";"2023-03-30";"referral"
"C0405";"trial_start";"2023-03-31";"referral"
"C0405";"activated";"2023-04-02";"referral"
"C0406";"signup";"2023-01-19";"organic"
"C0406";"trial_start";"2023-01-20";"organic"
"C0406";"activated";"2023-01-21";"organic"
"C0406";"churned";"2023-03-23";"organic"
"C0407";"signup";"2023-01-22";"ads"
"C0408";"signup";"2023-03-16";"organic"
"C0409";"signup";"2023-01-03";"ads"
"C0410";"signup";"2023-01-19";"outbound"
"C0410";"trial_start";"2023-01-20";"outbound"
"C0411";"signup";"2023-02-14";"organic"
"C0411";"trial_start";"2023-02-15";"organic"
"C0411";"activated";"2023-02-18";"organic"
"C0412";"signup";"2023-02-08";"referral"
"C0413";"signup";"2023-01-15";"organic"
"C0413";"trial_start";"2023-01-16";"organic"
"C0413";"churned";"2023-04-07";"organic"
"C0414";"signup";"2023-03-26";"outbound"
"C0414";"trial_start";"2023-03-27";"outbound"
"C0414";"activated";"2023-04-01";"outbound"
"C0415";"signup";"2023-02-16";"organic"
"C0415";"trial_start";"2023-02-17";"organic"
"C0416";"signup";"2023-02-05";"ads"
"C0416";"trial_start";"2023-02-06";"ads"
"C0417";"signup";"2023-02-03";"outbound"
"C0417";"trial_start";"2023-02-04";"outbound"
"C0417";"activated";"2023-02-09";"outbound"
"C0418";"signup";"2023-02-09";"referral"
"C0418";"trial_start";"2023-02-10";"referral"
"C0419";"signup";"2023-02-25";"ads"
"C0419";"trial_start";"2023-02-26";"ads"
"C0420";"signup";"2023-01-02";"ads"
"C0420";"trial_start";"2023-01-03";"ads"
"C0420";"activated";"2023-01-05";"ads"
"C0421";"signup";"2023-03-21";"referral"
"C0421";"trial_start";"2023-03-22";"referral"
"C0421";"activated";"2023-03-23";"referral"
"C0422";"signup";"2023-02-28";"ads"
"C0422";"trial_start";"2023-03-01";"ads"
"C0422";"activated";"2023-03-02";"ads"
"C0423";"signup";"2023-02-25";"ads"
"C0423";"churned";"2023-04-13";"ads"
"C0424";"signup";"2023-02-06";"referral"
"C0424";"trial_start";"2023-02-07";"referral"
"C0425";"signup";"2023-02-04";"ads"
"C0426";"signup";"2023-02-07";"ads"
"C0426";"trial_start";"2023-02-08";"ads"
"C0426";"activated";"2023-02-12";"ads"
"C0427";"signup";"2023-02-03";"ads"
"C0427";"trial_start";"2023-02-04";"ads"
"C0427";"activated";"2023-02-08";"ads"
"C0428";"signup";"2023-03-16";"referral"
"C0429";"signup";"2023-03-12";"organic"
"C0429";"trial_start";"2023-03-13";"organic"
"C0429";"activated";"2023-03-17";"organic"
"C0430";"signup";"2023-02-25";"organic"
"C0430";"trial_start";"2023-02-26";"organic"
"C0431";"signup";"2023-03-01";"referral"
"C0431";"trial_start";"2023-03-02";"referral"
"C0432";"signup";"2023-02-23";"ads"
"C0432";"trial_start";"2023-02-24";"ads"
"C0433";"signup";"2023-01-17";"referral"
"C0434";"signup";"2023-02-20";"ads"
"C0434";"trial_start";"2023-02-21";"ads"
"C0434";"activated";"2023-02-26";"ads"
"C0435";"signup";"2023-01-11";"ads"
"C0436";"signup";"2023-03-18";"referral"
"C0436";"trial_start";"2023-03-19";"referral"
"C0436";"activated";"2023-03-22";"referral"
"C0437";"signup";"2023-03-16";"ads"
"C0437";"churned";"2023-05-11";"ads"
"C0438";"signup";"2023-03-13";"outbound"
"C0438";"trial_start";"2023-03-14";"outbound"
"C0438";"activated";"2023-03-16";"outbound"
"C0439";"signup";"2023-01-01";"referral"
"C0439";"trial_start";"2023-01-02";"referral"
"C0439";"activated";"2023-01-03";"referral"
"C0439";"churned";"2023-04-18";"referral"
"C0440";"signup";"2023-03-08";"ads"
"C0440";"trial_start";"2023-03-09";"ads"
"C0440";"activated";"2023-03-14";"ads"
"C0441";"signup";"2023-01-16";"ads"
"C0441";"trial_start";"2023-01-17";"ads"
"C0441";"activated";"2023-01-19";"ads"
"C0442";"signup";"2023-03-20";"referral"
"C0443";"signup";"2023-01-19";"organic"
"C0443";"trial_start";"2023-01-20";"organic"
"C0444";"signup";"2023-03-07";"outbound"
"C0444";"trial_start";"2023-03-08";"outbound"
"C0444";"activated";"2023-03-11";"outbound"
"C0445";"signup";"2023-03-17";"ads"
"C0445";"trial_start";"2023-03-18";"ads"
"C0445";"activated";"2023-03-19";"ads"
"C0446";"signup";"2023-01-19";"organic"
"C0446";"trial_start";"2023-01-20";"organic"
"C0446";"activated";"2023-01-21";"organic"
"C0447";"signup";"2023-03-24";"ads"
"C0447";"trial_start";"2023-03-25";"ads"
"C0447";"activated";"2023-03-28";"ads"
"C0448";"signup";"2023-02-28";"organic"
"C0449";"signup";"2023-02-14";"outbound"
"C0449";"trial_start";"2023-02-15";"outbound"
"C0449";"activated";"2023-02-17";"outbound"
"C0450";"signup";"2023-03-25";"referral"
"C0450";"trial_start";"2023-03-26";"referral"
"C0451";"signup";"2023-03-26";"referral"
"C0451";"trial_start";"2023-03-27";"referral"
"C0452";"signup";"2023-03-02";"organic"
"C0452";"trial_start";"2023-03-03";"organic"
"C0453";"signup";"2023-01-17";"referral"
"C0453";"trial_start";"2023-01-18";"referral"
"C0453";"activated";"2023-01-23";"referral"
"C0454";"signup";"2023-01-09";"organic"
"C0454";"churned";"2023-02-20";"organic"
"C0455";"signup";"2023-03-05";"ads"
"C0455";"trial_start";"2023-03-06";"ads"
"C0456";"signup";"2023-01-14";"outbound"
"C0456";"trial_start";"2023-01-15";"outbound"
"C0457";"signup";"2023-01-09";"organic"
"C0457";"trial_start";"2023-01-10";"organic"
"C0457";"activated";"2023-01-11";"organic"
"C0458";"signup";"2023-03-19";"referral"
"C0458";"trial_start";"2023-03-20";"referral"
"C0458";"activated";"2023-03-21";"referral"
"C0459";"signup";"2023-01-18";"organic"
"C0459";"trial_start";"2023-01-19";"organic"
"C0459";"activated";"2023-01-22";"organic"
"C0460";"signup";"2023-01-29";"referral"
"C0460";"trial_start";"2023-01-30";"referral"
"C0461";"signup";"2023-01-12";"outbound"
"C0461";"trial_start";"2023-01-13";"outbound"
"C0461";"churned";"2023-02-28";"outbound"
"C0462";"signup";"2023-02-16";"ads"
"C0462";"trial_start";"2023-02-17";"ads"
"C0463";"signup";"2023-01-25";"organic"
"C0463";"trial_start";"2023-01-26";"organic"
"C0463";"activated";"2023-01-29";"organic"
"C0464";"signup";"2023-01-09";"outbound"
"C0464";"trial_start";"2023-01-10";"outbound"
"C0465";"signup";"2023-03-08";"outbound"
"C0465";"trial_start";"2023-03-09";"outbound"
"C0465";"activated";"2023-03-14";"outbound"
"C0466";"signup";"2023-01-29";"ads"
"C0466";"trial_start";"2023-01-30";"ads"
"C0467";"signup";"2023-01-09";"referral"
"C0467";"trial_start";"2023-01-10";"referral"
"C0467";"activated";"2023-01-15";"referral"
"C0468";"signup";"2023-02-21";"referral"
"C0468";"trial_start";"2023-02-22";"referral"
"C0469";"signup";"2023-03-25";"referral"
"C0469";"trial_start";"2023-03-26";"referral"
"C0469";"activated";"2023-03-29";"referral"
"C0470";"signup";"2023-01-18";"ads"
"C0471";"signup";"2023-01-31";"ads"
"C0472";"signup";"2023-02-14";"ads"
"C0473";"signup";"2023-03-12";"ads"
"C0473";"trial_start";"2023-03-13";"ads"
"C0473";"churned";"2023-06-13";"ads"
"C0474";"signup";"2023-03-25";"outbound"
"C0474";"trial_start";"2023-03-26";"outbound"
"C0475";"signup";"2023-01-03";"outbound"
"C0475";"trial_start";"2023-01-04";"outbound"
"C0475";"churned";"2023-04-20";"outbound"
"C0476";"signup";"2023-03-29";"organic"
"C0476";"trial_start";"2023-03-30";"organic"
"C0476";"activated";"2023-04-03";"organic"
"C0477";"signup";"2023-02-25";"outbound"
"C0477";"trial_start";"2023-02-26";"outbound"
"C0477";"activated";"2023-02-27";"outbound"
"C0478";"signup";"2023-02-15";"referral"
"C0478";"trial_start";"2023-02-16";"referral"
"C0478";"activated";"2023-02-18";"referral"
"C0478";"churned";"2023-03-18";"referral"
"C0479";"signup";"2023-02-22";"outbound"
"C0480";"signup";"2023-01-02";"ads"
"C0480";"trial_start";"2023-01-03";"ads"
"C0480";"activated";"2023-01-04";"ads"
"C0480";"churned";"2023-02-24";"ads"
"C0481";"signup";"2023-01-06";"referral"
"C0481";"trial_start";"2023-01-07";"referral"
"C0482";"signup";"2023-03-19";"outbound"
"C0482";"trial_start";"2023-03-20";"outbound"
"C0482";"churned";"2023-06-26";"outbound"
"C0483";"signup";"2023-03-05";"outbound"
"C0484";"signup";"2023-02-26";"outbound"
"C0485";"signup";"2023-03-25";"referral"
"C0486";"signup";"2023-01-07";"ads"
"C0486";"trial_start";"2023-01-08";"ads"
"C0487";"signup";"2023-01-27";"ads"
"C0488";"signup";"2023-03-12";"referral"
"C0488";"trial_start";"2023-03-13";"referral"
"C0488";"churned";"2023-05-11";"referral"
"C0489";"signup";"2023-03-25";"organic"
"C0489";"churned";"2023-04-28";"organic"
"C0490";"signup";"2023-02-05";"referral"
"C0490";"trial_start";"2023-02-06";"referral"
"C0490";"churned";"2023-05-24";"referral"
"C0491";"signup";"2023-03-05";"organic"
"C0491";"trial_start";"2023-03-06";"organic"
"C0491";"activated";"2023-03-08";"organic"
"C0491";"churned";"2023-04-27";"organic"
"C0492";"signup";"2023-03-10";"organic"
"C0492";"trial_start";"2023-03-11";"organic"
"C0492";"activated";"2023-03-14";"organic"
"C0493";"signup";"2023-02-03";"referral"
"C0493";"trial_start";"2023-02-04";"referral"
"C0494";"signup";"2023-02-24";"organic"
"C0495";"signup";"2023-03-12";"ads"
"C0496";"signup";"2023-02-24";"organic"
"C0496";"trial_start";"2023-02-25";"organic"
"C0496";"activated";"2023-02-27";"organic"
"C0497";"signup";"2023-01-31";"organic"
"C0497";"trial_start";"2023-02-01";"organic"
"C0498";"signup";"2023-02-01";"ads"
"C0498";"trial_start";"2023-02-02";"ads"
"C0498";"activated";"2023-02-03";"ads"
"C0499";"signup";"2023-02-04";"referral"
"C0500";"signup";"2023-01-16";"ads"
"C0500";"trial_start";"2023-01-17";"ads"
"C0501";"signup";"2023-03-01";"organic"
"C0501";"trial_start";"2023-03-02";"organic"
"C0501";"activated";"2023-03-05";"organic"
"C0502";"signup";"2023-02-22";"outbound"
"C0503";"signup";"2023-01-09";"referral"
"C0503";"trial_start";"2023-01-10";"referral"
"C0504";"signup";"2023-01-17";"organic"
"C0504";"trial_start";"2023-01-18";"organic"
"C0505";"signup";"2023-01-15";"outbound"
"C0505";"trial_start";"2023-01-16";"outbound"
"C0505";"activated";"2023-01-20";"outbound"
"C0506";"signup";"2023-03-12";"ads"
"C0506";"trial_start";"2023-03-13";"ads"
"C0507";"signup";"2023-01-03";"referral"
"C0508";"signup";"2023-03-18";"ads"
"C0508";"trial_start";"2023-03-19";"ads"
"C0508";"activated";"2023-03-20";"ads"
"C0509";"signup";"2023-01-27";"outbound"
"C0509";"trial_start";"2023-01-28";"outbound"
"C0510";"signup";"2023-02-06";"organic"
"C0510";"trial_start";"2023-02-07";"organic"
"C0511";"signup";"2023-03-25";"organic"
"C0512";"signup";"2023-01-21";"ads"
"C0512";"trial_start";"2023-01-22";"ads"
"C0512";"activated";"2023-01-27";"ads"
"C0512";"churned";"2023-05-08";"ads"
"C0513";"signup";"2023-02-10";"outbound"
"C0514";"signup";"2023-01-28";"referral"
"C0514";"trial_start";"2023-01-29";"referral"
"C0514";"churned";"2023-05-21";"referral"
"C0515";"signup";"2023-01-10";"ads"
"C0516";"signup";"2023-03-10";"organic"
"C0517";"signup";"2023-03-19";"ads"
"C0517";"trial_start";"2023-03-20";"ads"
"C0517";"activated";"2023-03-23";"ads"
"C0517";"churned";"2023-06-30";"ads"
"C0518";"signup";"2023-02-01";"referral"
"C0519";"signup";"2023-02-28";"outbound"
"C0520";"signup";"2023-02-22";"organic"
"C0520";"trial_start";"2023-02-23";"organic"
"C0520";"activated";"2023-02-26";"organic"
"C0521";"signup";"2023-02-27";"outbound"
"C0521";"trial_start";"2023-02-28";"outbound"
"C0522";"signup";"2023-02-22";"outbound"
"C0522";"trial_start";"2023-02-23";"outbound"
"C0523";"signup";"2023-02-10";"referral"
"C0523";"trial_start";"2023-02-11";"referral"
"C0523";"activated";"2023-02-13";"referral"
"C0524";"signup";"2023-01-24";"outbound"
"C0524";"trial_start";"2023-01-25";"outbound"
"C0524";"activated";"2023-01-28";"outbound"
"C0525";"signup";"2023-01-13";"organic"
"C0525";"trial_start";"2023-01-14";"organic"
"C0525";"activated";"2023-01-16";"organic"
"C0526";"signup";"2023-03-07";"outbound"
"C0527";"signup";"2023-01-17";"referral"
"C0527";"trial_start";"2023-01-18";"referral"
"C0527";"churned";"2023-03-31";"referral"
"C0528";"signup";"2023-01-06";"ads"
"C0529";"signup";"2023-03-22";"organic"
"C0530";"signup";"2023-03-31";"organic"
"C0530";"trial_start";"2023-04-01";"organic"
"C0531";"signup";"2023-01-20";"ads"
"C0531";"trial_start";"2023-01-21";"ads"
"C0531";"activated";"2023-01-25";"ads"
"C0532";"signup";"2023-01-23";"organic"
"C0532";"trial_start";"2023-01-24";"organic"
"C0532";"churned";"2023-04-01";"organic"
"C0533";"signup";"2023-02-13";"organic"
"C0533";"trial_start";"2023-02-14";"organic"
"C0533";"activated";"2023-02-19";"organic"
"C0534";"signup";"2023-02-06";"organic"
"C0534";"trial_start";"2023-02-07";"organic"
"C0534";"activated";"2023-02-09";"organic"
"C0534";"churned";"2023-04-03";"organic"
"C0535";"signup";"2023-03-08";"organic"
"C0536";"signup";"2023-02-06";"referral"
"C0536";"trial_start";"2023-02-07";"referral"
"C0536";"activated";"2023-02-09";"referral"
"C0537";"signup";"2023-02-03";"referral"
"C0538";"signup";"2023-01-19";"referral"
"C0538";"trial_start";"2023-01-20";"referral"
"C0538";"activated";"2023-01-22";"referral"
"C0538";"churned";"2023-02-23";"referral"
"C0539";"signup";"2023-01-01";"outbound"
"C0540";"signup";"2023-03-15";"referral"
"C0540";"trial_start";"2023-03-16";"referral"
"C0540";"activated";"2023-03-20";"referral"
"C0541";"signup";"2023-04-01";"ads"
"C0541";"trial_start";"2023-04-02";"ads"
"C0542";"signup";"2023-01-18";"ads"
"C0542";"churned";"2023-04-03";"ads"
"C0543";"signup";"2023-01-29";"ads"
"C0543";"trial_start";"2023-01-30";"ads"
"C0543";"activated";"2023-02-02";"ads"
"C0544";"signup";"2023-04-01";"ads"
"C0544";"churned";"2023-05-13";"ads"
"C0545";"signup";"2023-01-25";"referral"
"C0545";"trial_start";"2023-01-26";"referral"
"C0545";"churned";"2023-05-16";"referral"
"C0546";"signup";"2023-02-01";"ads"
"C0546";"trial_start";"2023-02-02";"ads"
"C0547";"signup";"2023-03-02";"referral"
"C0548";"signup";"2023-01-17";"referral"
"C0549";"signup";"2023-01-01";"outbound"
"C0549";"trial_start";"2023-01-02";"outbound"
"C0550";"signup";"2023-02-23";"ads"
"C0550";"trial_start";"2023-02-24";"ads"
"C0550";"churned";"2023-05-08";"ads"
"C0551";"signup";"2023-03-09";"organic"
"C0551";"trial_start";"2023-03-10";"organic"
"C0551";"activated";"2023-03-12";"organic"
"C0552";"signup";"2023-03-04";"organic"
"C0552";"trial_start";"2023-03-05";"organic"
"C0552";"activated";"2023-03-09";"organic"
"C0553";"signup";"2023-01-15";"outbound"
"C0554";"signup";"2023-02-27";"organic"
"C0554";"trial_start";"2023-02-28";"organic"
"C0554";"activated";"2023-03-04";"organic"
"C0555";"signup";"2023-02-14";"ads"
"C0556";"signup";"2023-03-04";"organic"
"C0556";"trial_start";"2023-03-05";"organic"
"C0556";"activated";"2023-03-08";"organic"
"C0557";"signup";"2023-01-08";"organic"
"C0557";"trial_start";"2023-01-09";"organic"
"C0558";"signup";"2023-02-24";"organic"
"C0559";"signup";"2023-02-13";"outbound"
"C0559";"trial_start";"2023-02-14";"outbound"
"C0559";"activated";"2023-02-16";"outbound"
"C0560";"signup";"2023-03-10";"outbound"
"C0560";"trial_start";"2023-03-11";"outbound"
"C0561";"signup";"2023-01-17";"referral"
"C0561";"trial_start";"2023-01-18";"referral"
"C0562";"signup";"2023-04-01";"ads"
"C0562";"trial_start";"2023-04-02";"ads"
"C0562";"churned";"2023-05-07";"ads"
"C0563";"signup";"2023-02-16";"outbound"
"C0564";"signup";"2023-01-30";"organic"
"C0564";"trial_start";"2023-01-31";"organic"
"C0564";"activated";"2023-02-04";"organic"
"C0564";"churned";"2023-04-01";"organic"
"C0565";"signup";"2023-01-05";"ads"
"C0566";"signup";"2023-03-04";"organic"
"C0566";"trial_start";"2023-03-05";"organic"
"C0566";"activated";"2023-03-07";"organic"
"C0566";"churned";"2023-04-18";"organic"
"C0567";"signup";"2023-03-25";"organic"
"C0568";"signup";"2023-01-10";"ads"
"C0569";"signup";"2023-01-03";"organic"
"C0570";"signup";"2023-01-13";"outbound"
"C0570";"churned";"2023-04-30";"outbound"
"C0571";"signup";"2023-02-11";"referral"
"C0572";"signup";"2023-01-26";"organic"
"C0573";"signup";"2023-02-07";"organic"
"C0573";"trial_start";"2023-02-08";"organic"
"C0573";"activated";"2023-02-11";"organic"
"C0574";"signup";"2023-02-18";"outbound"
"C0574";"trial_start";"2023-02-19";"outbound"
"C0574";"activated";"2023-02-22";"outbound"
"C0575";"signup";"2023-02-27";"ads"
"C0576";"signup";"2023-02-27";"outbound"
"C0576";"trial_start";"2023-02-28";"outbound"
"C0577";"signup";"2023-01-13";"ads"
"C0577";"trial_start";"2023-01-14";"ads"
"C0578";"signup";"2023-01-19";"ads"
"C0579";"signup";"2023-01-08";"outbound"
"C0579";"trial_start";"2023-01-09";"outbound"
"C0579";"activated";"2023-01-12";"outbound"
"C0580";"signup";"2023-02-11";"ads"
"C0580";"trial_start";"2023-02-12";"ads"
"C0581";"signup";"2023-03-13";"outbound"
"C0581";"trial_start";"2023-03-14";"outbound"
"C0581";"activated";"2023-03-16";"outbound"
"C0582";"signup";"2023-03-07";"organic"
"C0583";"signup";"2023-02-24";"ads"
"C0583";"trial_start";"2023-02-25";"ads"
"C0583";"churned";"2023-04-10";"ads"
"C0584";"signup";"2023-01-26";"outbound"
"C0584";"churned";"2023-04-20";"outbound"
"C0585";"signup";"2023-01-22";"organic"
"C0585";"trial_start";"2023-01-23";"organic"
"C0585";"activated";"2023-01-28";"organic"
"C0586";"signup";"2023-02-07";"ads"
"C0587";"signup";"2023-03-08";"referral"
"C0588";"signup";"2023-01-19";"outbound"
"C0588";"trial_start";"2023-01-20";"outbound"
"C0589";"signup";"2023-03-08";"referral"
"C0589";"trial_start";"2023-03-09";"referral"
"C0589";"activated";"2023-03-12";"referral"
"C0590";"signup";"2023-01-22";"outbound"
"C0590";"churned";"2023-04-15";"outbound"
"C0591";"signup";"2023-01-20";"outbound"
"C0591";"churned";"2023-05-19";"outbound"
"C0592";"signup";"2023-01-26";"outbound"
"C0592";"trial_start";"2023-01-27";"outbound"
"C0592";"activated";"2023-01-28";"outbound"
"C0593";"signup";"2023-01-09";"outbound"
"C0593";"trial_start";"2023-01-10";"outbound"
"C0593";"activated";"2023-01-11";"outbound"
"C0594";"signup";"2023-02-06";"referral"
"C0595";"signup";"2023-02-17";"referral"
"C0595";"trial_start";"2023-02-18";"referral"
"C0595";"activated";"2023-02-23";"referral"
"C0596";"signup";"2023-01-10";"outbound"
"C0596";"trial_start";"2023-01-11";"outbound"
"C0596";"activated";"2023-01-13";"outbound"
"C0597";"signup";"2023-01-17";"ads"
"C0597";"trial_start";"2023-01-18";"ads"
"C0598";"signup";"2023-03-20";"referral"
"C0598";"trial_start";"2023-03-21";"referral"
"C0598";"activated";"2023-03-23";"referral"
"C0599";"signup";"2023-03-20";"ads"
"C0599";"trial_start";"2023-03-21";"ads"
"C0600";"signup";"2023-01-18";"ads"
"C0600";"trial_start";"2023-01-19";"ads"
"C0601";"signup";"2023-01-31";"ads"
"C0601";"trial_start";"2023-02-01";"ads"
"C0601";"activated";"2023-02-05";"ads"
"C0602";"signup";"2023-03-09";"referral"
"C0602";"trial_start";"2023-03-10";"referral"
"C0602";"activated";"2023-03-12";"referral"
"C0603";"signup";"2023-01-19";"referral"
"C0603";"trial_start";"2023-01-20";"referral"
"C0603";"activated";"2023-01-23";"referral"
"C0604";"signup";"2023-03-25";"organic"
"C0604";"trial_start";"2023-03-26";"organic"
"C0604";"activated";"2023-03-30";"organic"
"C0605";"signup";"2023-02-24";"referral"
"C0605";"trial_start";"2023-02-25";"referral"
"C0606";"signup";"2023-02-17";"organic"
"C0606";"churned";"2023-05-14";"organic"
"C0607";"signup";"2023-03-09";"referral"
"C0607";"trial_start";"2023-03-10";"referral"
"C0607";"activated";"2023-03-13";"referral"
"C0608";"signup";"2023-03-19";"ads"
"C0608";"trial_start";"2023-03-20";"ads"
"C0609";"signup";"2023-02-05";"referral"
"C0610";"signup";"2023-03-19";"organic"
"C0610";"trial_start";"2023-03-20";"organic"
"C0610";"activated";"2023-03-25";"organic"
"C0611";"signup";"2023-02-17";"ads"
"C0611";"churned";"2023-04-10";"ads"
"C0612";"signup";"2023-01-11";"outbound"
"C0612";"churned";"2023-05-02";"outbound"
"C0613";"signup";"2023-02-10";"ads"
"C0613";"trial_start";"2023-02-11";"ads"
"C0613";"churned";"2023-05-29";"ads"
"C0614";"signup";"2023-02-12";"ads"
"C0615";"signup";"2023-03-17";"outbound"
"C0615";"trial_start";"2023-03-18";"outbound"
"C0615";"activated";"2023-03-22";"outbound"
"C0616";"signup";"2023-01-09";"ads"
"C0616";"churned";"2023-03-14";"ads"
"C0617";"signup";"2023-01-23";"ads"
"C0617";"trial_start";"2023-01-24";"ads"
"C0617";"activated";"2023-01-29";"ads"
"C0618";"signup";"2023-02-09";"ads"
"C0618";"trial_start";"2023-02-10";"ads"
"C0618";"activated";"2023-02-15";"ads"
"C0619";"signup";"2023-03-14";"ads"
"C0619";"trial_start";"2023-03-15";"ads"
"C0619";"churned";"2023-04-24";"ads"
"C0620";"signup";"2023-02-10";"outbound"
"C0621";"signup";"2023-01-28";"ads"
"C0621";"trial_start";"2023-01-29";"ads"
"C0622";"signup";"2023-03-29";"referral"
"C0622";"churned";"2023-05-14";"referral"
"C0623";"signup";"2023-01-07";"referral"
"C0623";"trial_start";"2023-01-08";"referral"
"C0623";"activated";"2023-01-13";"referral"
"C0624";"signup";"2023-01-25";"outbound"
"C0624";"trial_start";"2023-01-26";"outbound"
"C0625";"signup";"2023-02-03";"organic"
"C0625";"trial_start";"2023-02-04";"organic"
"C0625";"activated";"2023-02-09";"organic"
"C0626";"signup";"2023-01-05";"outbound"
"C0626";"trial_start";"2023-01-06";"outbound"
"C0626";"activated";"2023-01-11";"outbound"
"C0626";"churned";"2023-05-04";"outbound"
"C0627";"signup";"2023-02-14";"organic"
"C0627";"trial_start";"2023-02-15";"organic"
"C0627";"activated";"2023-02-18";"organic"
"C0628";"signup";"2023-01-12";"referral"
"C0628";"trial_start";"2023-01-13";"referral"
"C0628";"activated";"2023-01-16";"referral"
"C0628";"churned";"2023-02-25";"referral"
"C0629";"signup";"2023-03-02";"outbound"
"C0629";"trial_start";"2023-03-03";"outbound"
"C0629";"activated";"2023-03-07";"outbound"
"C0630";"signup";"2023-02-11";"ads"
"C0630";"trial_start";"2023-02-12";"ads"
"C0630";"churned";"2023-05-05";"ads"
"C0631";"signup";"2023-02-12";"organic"
"C0631";"churned";"2023-04-28";"organic"
"C0632";"signup";"2023-01-21";"referral"
"C0632";"trial_start";"2023-01-22";"referral"
"C0632";"activated";"2023-01-27";"referral"
"C0633";"signup";"2023-02-21";"organic"
"C0633";"trial_start";"2023-02-22";"organic"
"C0634";"signup";"2023-03-28";"organic"
"C0634";"trial_start";"2023-03-29";"organic"
"C0634";"churned";"2023-06-30";"organic"
"C0635";"signup";"2023-02-23";"ads"
"C0635";"trial_start";"2023-02-24";"ads"
"C0635";"activated";"2023-03-01";"ads"
"C0635";"churned";"2023-05-29";"ads"
"C0636";"signup";"2023-02-08";"outbound"
"C0637";"signup";"2023-03-14";"outbound"
"C0637";"trial_start";"2023-03-15";"outbound"
"C0637";"activated";"2023-03-16";"outbound"
"C0638";"signup";"2023-01-19";"referral"
"C0638";"trial_start";"2023-01-20";"referral"
"C0638";"activated";"2023-01-21";"referral"
"C0639";"signup";"2023-01-23";"outbound"
"C0639";"trial_start";"2023-01-24";"outbound"
"C0639";"activated";"2023-01-26";"outbound"
"C0640";"signup";"2023-01-20";"outbound"
"C0641";"signup";"2023-01-21";"organic"
"C0641";"trial_start";"2023-01-22";"organic"
"C0642";"signup";"2023-03-27";"organic"
"C0642";"trial_start";"2023-03-28";"organic"
"C0642";"activated";"2023-03-29";"organic"
"C0643";"signup";"2023-01-18";"referral"
"C0643";"trial_start";"2023-01-19";"referral"
"C0643";"activated";"2023-01-23";"referral"
"C0644";"signup";"2023-02-14";"ads"
"C0645";"signup";"2023-03-19";"outbound"
"C0645";"trial_start";"2023-03-20";"outbound"
"C0645";"activated";"2023-03-25";"outbound"
"C0646";"signup";"2023-01-10";"organic"
"C0646";"trial_start";"2023-01-11";"organic"
"C0646";"activated";"2023-01-13";"organic"
"C0647";"signup";"2023-02-13";"ads"
"C0647";"trial_start";"2023-02-14";"ads"
"C0647";"activated";"2023-02-17";"ads"
"C0648";"signup";"2023-01-05";"organic"
"C0648";"churned";"2023-03-26";"organic"
"C0649";"signup";"2023-03-01";"ads"
"C0649";"trial_start";"2023-03-02";"ads"
"C0650";"signup";"2023-01-02";"organic"
"C0650";"trial_start";"2023-01-03";"organic"
"C0650";"activated";"2023-01-07";"organic"
"C0650";"churned";"2023-04-25";"organic"
"C0651";"signup";"2023-02-24";"organic"
"C0651";"trial_start";"2023-02-25";"organic"
"C0651";"activated";"2023-02-26";"organic"
"C0652";"signup";"2023-03-06";"organic"
"C0652";"trial_start";"2023-03-07";"organic"
"C0652";"activated";"2023-03-12";"organic"
"C0653";"signup";"2023-01-23";"ads"
"C0653";"trial_start";"2023-01-24";"ads"
"C0653";"activated";"2023-01-25";"ads"
"C0653";"churned";"2023-04-06";"ads"
"C0654";"signup";"2023-01-26";"referral"
"C0654";"trial_start";"2023-01-27";"referral"
"C0655";"signup";"2023-02-06";"organic"
"C0656";"signup";"2023-03-18";"ads"
"C0656";"trial_start";"2023-03-19";"ads"
"C0656";"activated";"2023-03-22";"ads"
"C0657";"signup";"2023-03-11";"ads"
"C0657";"trial_start";"2023-03-12";"ads"
"C0657";"activated";"2023-03-16";"ads"
"C0658";"signup";"2023-03-18";"ads"
"C0659";"signup";"2023-02-01";"organic"
"C0659";"trial_start";"2023-02-02";"organic"
"C0659";"activated";"2023-02-04";"organic"
"C0660";"signup";"2023-02-05";"organic"
"C0660";"trial_start";"2023-02-06";"organic"
"C0661";"signup";"2023-01-06";"organic"
"C0661";"trial_start";"2023-01-07";"organic"
"C0661";"activated";"2023-01-08";"organic"
"C0662";"signup";"2023-02-13";"ads"
"C0663";"signup";"2023-01-24";"ads"
"C0663";"trial_start";"2023-01-25";"ads"
"C0664";"signup";"2023-01-15";"organic"
"C0664";"trial_start";"2023-01-16";"organic"
"C0665";"signup";"2023-03-30";"outbound"
"C0665";"trial_start";"2023-03-31";"outbound"
"C0665";"activated";"2023-04-04";"outbound"
"C0666";"signup";"2023-02-05";"outbound"
"C0666";"trial_start";"2023-02-06";"outbound"
"C0666";"activated";"2023-02-08";"outbound"
"C0667";"signup";"2023-01-01";"referral"
"C0667";"trial_start";"2023-01-02";"referral"
"C0667";"activated";"2023-01-04";"referral"
"C0668";"signup";"2023-03-18";"organic"
"C0668";"trial_start";"2023-03-19";"organic"
"C0668";"activated";"2023-03-21";"organic"
"C0668";"churned";"2023-05-28";"organic"
"C0669";"signup";"2023-01-09";"outbound"
"C0670";"signup";"2023-03-17";"organic"
"C0670";"trial_start";"2023-03-18";"organic"
"C0670";"activated";"2023-03-22";"organic"
"C0671";"signup";"2023-02-13";"ads"
"C0671";"trial_start";"2023-02-14";"ads"
"C0671";"activated";"2023-02-18";"ads"
"C0672";"signup";"2023-01-27";"organic"
"C0672";"trial_start";"2023-01-28";"organic"
"C0672";"activated";"2023-02-01";"organic"
"C0672";"churned";"2023-05-10";"organic"
"C0673";"signup";"2023-03-22";"ads"
"C0673";"churned";"2023-06-27";"ads"
"C0674";"signup";"2023-02-08";"referral"
"C0674";"trial_start";"2023-02-09";"referral"
"C0674";"churned";"2023-05-28";"referral"
"C0675";"signup";"2023-03-21";"outbound"
"C0675";"trial_start";"2023-03-22";"outbound"
"C0675";"churned";"2023-05-26";"outbound"
"C0676";"signup";"2023-01-31";"organic"
"C0676";"trial_start";"2023-02-01";"organic"
"C0676";"activated";"2023-02-02";"organic"
"C0676";"churned";"2023-03-29";"organic"
"C0677";"signup";"2023-01-15";"outbound"
"C0677";"trial_start";"2023-01-16";"outbound"
"C0677";"activated";"2023-01-20";"outbound"
"C0678";"signup";"2023-01-28";"referral"
"C0678";"trial_start";"2023-01-29";"referral"
"C0678";"activated";"2023-02-01";"referral"
"C0679";"signup";"2023-03-06";"referral"
"C0679";"trial_start";"2023-03-07";"referral"
"C0680";"signup";"2023-02-06";"organic"
"C0680";"trial_start";"2023-02-07";"organic"
"C0680";"churned";"2023-04-13";"organic"
"C0681";"signup";"2023-03-10";"ads"
"C0682";"signup";"2023-02-19";"ads"
"C0682";"trial_start";"2023-02-20";"ads"
"C0682";"activated";"2023-02-22";"ads"
"C0683";"signup";"2023-01-18";"outbound"
"C0683";"trial_start";"2023-01-19";"outbound"
"C0683";"activated";"2023-01-24";"outbound"
"C0684";"signup";"2023-02-11";"ads"
"C0684";"trial_start";"2023-02-12";"ads"
"C0685";"signup";"2023-01-03";"referral"
"C0686";"signup";"2023-01-21";"outbound"
"C0686";"churned";"2023-04-21";"outbound"
"C0687";"signup";"2023-02-11";"outbound"
"C0687";"trial_start";"2023-02-12";"outbound"
"C0687";"activated";"2023-02-17";"outbound"
"C0688";"signup";"2023-03-29";"outbound"
"C0689";"signup";"2023-03-06";"organic"
"C0690";"signup";"2023-02-01";"outbound"
"C0690";"churned";"2023-03-07";"outbound"
"C0691";"signup";"2023-03-08";"organic"
"C0691";"churned";"2023-05-30";"organic"
"C0692";"signup";"2023-03-10";"referral"
"C0693";"signup";"2023-02-26";"ads"
"C0694";"signup";"2023-01-06";"organic"
"C0695";"signup";"2023-02-24";"organic"
"C0695";"trial_start";"2023-02-25";"organic"
"C0696";"signup";"2023-01-22";"ads"
"C0696";"trial_start";"2023-01-23";"ads"
"C0696";"activated";"2023-01-25";"ads"
"C0697";"signup";"2023-02-03";"outbound"
"C0697";"trial_start";"2023-02-04";"outbound"
"C0697";"activated";"2023-02-08";"outbound"
"C0698";"signup";"2023-02-13";"referral"
"C0698";"trial_start";"2023-02-14";"referral"
"C0699";"signup";"2023-03-18";"referral"
"C0699";"trial_start";"2023-03-19";"referral"
"C0699";"activated";"2023-03-20";"referral"
"C0699";"churned";"2023-06-03";"referral"
"C0700";"signup";"2023-02-07";"referral"
"C0701";"signup";"2023-03-02";"referral"
"C0701";"trial_start";"2023-03-03";"referral"
"C0701";"activated";"2023-03-05";"referral"
"C0701";"churned";"2023-05-08";"referral"
"C0702";"signup";"2023-02-02";"organic"
"C0702";"trial_start";"2023-02-03";"organic"
"C0702";"activated";"2023-02-06";"organic"
"C0702";"churned";"2023-03-05";"organic"
"C0703";"signup";"2023-02-16";"referral"
"C0704";"signup";"2023-03-03";"organic"
"C0704";"trial_start";"2023-03-04";"organic"
"C0704";"activated";"2023-03-06";"organic"
"C0705";"signup";"2023-03-08";"referral"
"C0706";"signup";"2023-03-09";"outbound"
"C0706";"trial_start";"2023-03-10";"outbound"
"C0706";"activated";"2023-03-11";"outbound"
"C0707";"signup";"2023-01-27";"referral"
"C0707";"trial_start";"2023-01-28";"referral"
"C0708";"signup";"2023-02-15";"outbound"
"C0708";"trial_start";"2023-02-16";"outbound"
"C0708";"churned";"2023-05-23";"outbound"
"C0709";"signup";"2023-01-26";"outbound"
"C0709";"trial_start";"2023-01-27";"outbound"
"C0710";"signup";"2023-02-04";"ads"
"C0710";"trial_start";"2023-02-05";"ads"
"C0711";"signup";"2023-02-27";"ads"
"C0711";"trial_start";"2023-02-28";"ads"
"C0711";"activated";"2023-03-02";"ads"
"C0712";"signup";"2023-01-30";"outbound"
"C0712";"trial_start";"2023-01-31";"outbound"
"C0712";"activated";"2023-02-05";"outbound"
"C0713";"signup";"2023-01-12";"referral"
"C0714";"signup";"2023-03-08";"outbound"
"C0714";"trial_start";"2023-03-09";"outbound"
"C0714";"activated";"2023-03-14";"outbound"
"C0715";"signup";"2023-03-10";"ads"
"C0715";"trial_start";"2023-03-11";"ads"
"C0715";"churned";"2023-06-09";"ads"
"C0716";"signup";"2023-02-26";"ads"
"C0716";"trial_start";"2023-02-27";"ads"
"C0716";"activated";"2023-03-01";"ads"
"C0717";"signup";"2023-03-14";"referral"
"C0717";"trial_start";"2023-03-15";"referral"
"C0718";"signup";"2023-03-24";"organic"
"C0719";"signup";"2023-01-01";"organic"
"C0719";"trial_start";"2023-01-02";"organic"
"C0719";"activated";"2023-01-04";"organic"
"C0720";"signup";"2023-03-07";"organic"
"C0720";"trial_start";"2023-03-08";"organic"
"C0720";"activated";"2023-03-13";"organic"
"C0720";"churned";"2023-05-11";"organic"
"C0721";"signup";"2023-03-22";"referral"
"C0722";"signup";"2023-01-01";"organic"
"C0723";"signup";"2023-01-23";"outbound"
"C0723";"trial_start";"2023-01-24";"outbound"
"C0723";"activated";"2023-01-28";"outbound"
"C0724";"signup";"2023-01-25";"outbound"
"C0724";"churned";"2023-04-29";"outbound"
"C0725";"signup";"2023-02-10";"referral"
"C0725";"trial_start";"2023-02-11";"referral"
"C0726";"signup";"2023-03-15";"outbound"
"C0726";"trial_start";"2023-03-16";"outbound"
"C0726";"activated";"2023-03-20";"outbound"
"C0727";"signup";"2023-03-20";"outbound"
"C0727";"trial_start";"2023-03-21";"outbound"
"C0727";"activated";"2023-03-25";"outbound"
"C0728";"signup";"2023-02-04";"organic"
"C0728";"trial_start";"2023-02-05";"organic"
"C0729";"signup";"2023-01-19";"referral"
"C0730";"signup";"2023-02-27";"referral"
"C0730";"trial_start";"2023-02-28";"referral"
"C0730";"churned";"2023-05-19";"referral"
"C0731";"signup";"2023-02-22";"ads"
"C0732";"signup";"2023-01-03";"referral"
"C0732";"trial_start";"2023-01-04";"referral"
"C0733";"signup";"2023-01-04";"referral"
"C0734";"signup";"2023-01-28";"outbound"
"C0734";"trial_start";"2023-01-29";"outbound"
"C0734";"activated";"2023-01-30";"outbound"
"C0734";"churned";"2023-04-09";"outbound"
"C0735";"signup";"2023-03-17";"organic"
"C0735";"churned";"2023-07-09";"organic"
"C0736";"signup";"2023-03-30";"organic"
"C0736";"churned";"2023-07-15";"organic"
"C0737";"signup";"2023-01-08";"organic"
"C0737";"trial_start";"2023-01-09";"organic"
"C0737";"activated";"2023-01-12";"organic"
"C0738";"signup";"2023-01-15";"referral"
"C0738";"churned";"2023-04-07";"referral"
"C0739";"signup";"2023-01-20";"outbound"
"C0739";"trial_start";"2023-01-21";"outbound"
"C0739";"activated";"2023-01-25";"outbound"
"C0739";"churned";"2023-05-03";"outbound"
"C0740";"signup";"2023-03-13";"referral"
"C0740";"trial_start";"2023-03-14";"referral"
"C0740";"activated";"2023-03-15";"referral"
"C0741";"signup";"2023-02-16";"referral"
"C0741";"trial_start";"2023-02-17";"referral"
"C0741";"churned";"2023-05-16";"referral"
"C0742";"signup";"2023-02-28";"outbound"
"C0742";"trial_start";"2023-03-01";"outbound"
"C0743";"signup";"2023-01-18";"ads"
"C0743";"trial_start";"2023-01-19";"ads"
"C0743";"activated";"2023-01-23";"ads"
"C0744";"signup";"2023-03-07";"ads"
"C0744";"trial_start";"2023-03-08";"ads"
"C0745";"signup";"2023-03-10";"referral"
"C0745";"trial_start";"2023-03-11";"referral"
"C0746";"signup";"2023-03-13";"ads"
"C0746";"trial_start";"2023-03-14";"ads"
"C0747";"signup";"2023-03-15";"ads"
"C0747";"trial_start";"2023-03-16";"ads"
"C0748";"signup";"2023-02-05";"organic"
"C0749";"signup";"2023-03-25";"outbound"
"C0749";"trial_start";"2023-03-26";"outbound"
"C0749";"activated";"2023-03-30";"outbound"
"C0750";"signup";"2023-01-03";"organic"
"C0750";"trial_start";"2023-01-04";"organic"
"C0751";"signup";"2023-01-29";"ads"
"C0751";"trial_start";"2023-01-30";"ads"
"C0752";"signup";"2023-03-10";"referral"
"C0752";"trial_start";"2023-03-11";"referral"
"C0753";"signup";"2023-03-15";"referral"
"C0753";"churned";"2023-05-07";"referral"
"C0754";"signup";"2023-01-04";"ads"
"C0754";"churned";"2023-02-19";"ads"
"C0755";"signup";"2023-01-09";"referral"
"C0755";"trial_start";"2023-01-10";"referral"
"C0755";"activated";"2023-01-12";"referral"
"C0755";"churned";"2023-02-28";"referral"
"C0756";"signup";"2023-02-04";"organic"
"C0757";"signup";"2023-01-18";"ads"
"C0757";"churned";"2023-04-06";"ads"
"C0758";"signup";"2023-02-26";"ads"
"C0758";"churned";"2023-04-03";"ads"
"C0759";"signup";"2023-02-26";"organic"
"C0759";"trial_start";"2023-02-27";"organic"
"C0759";"activated";"2023-02-28";"organic"
"C0759";"churned";"2023-04-19";"organic"
"C0760";"signup";"2023-01-21";"ads"
"C0760";"trial_start";"2023-01-22";"ads"
"C0760";"activated";"2023-01-27";"ads"
"C0761";"signup";"2023-02-23";"referral"
"C0762";"signup";"2023-03-03";"referral"
"C0762";"trial_start";"2023-03-04";"referral"
"C0762";"activated";"2023-03-05";"referral"
"C0763";"signup";"2023-02-21";"organic"
"C0763";"trial_start";"2023-02-22";"organic"
"C0763";"activated";"2023-02-25";"organic"
"C0764";"signup";"2023-03-25";"organic"
"C0764";"churned";"2023-07-15";"organic"
"C0765";"signup";"2023-03-02";"organic"
"C0766";"signup";"2023-01-06";"referral"
"C0766";"trial_start";"2023-01-07";"referral"
"C0766";"activated";"2023-01-09";"referral"
"C0767";"signup";"2023-03-30";"outbound"
"C0767";"trial_start";"2023-03-31";"outbound"
"C0767";"activated";"2023-04-02";"outbound"
"C0768";"signup";"2023-02-17";"referral"
"C0769";"signup";"2023-03-08";"outbound"
"C0770";"signup";"2023-02-16";"outbound"
"C0770";"trial_start";"2023-02-17";"outbound"
"C0770";"activated";"2023-02-21";"outbound"
"C0770";"churned";"2023-05-08";"outbound"
"C0771";"signup";"2023-02-03";"referral"
"C0771";"trial_start";"2023-02-04";"referral"
"C0771";"activated";"2023-02-05";"referral"
"C0772";"signup";"2023-01-19";"ads"
"C0772";"trial_start";"2023-01-20";"ads"
"C0772";"activated";"2023-01-25";"ads"
"C0773";"signup";"2023-01-21";"outbound"
"C0773";"trial_start";"2023-01-22";"outbound"
"C0773";"activated";"2023-01-26";"outbound"
"C0774";"signup";"2023-03-02";"ads"
"C0774";"trial_start";"2023-03-03";"ads"
"C0775";"signup";"2023-02-09";"ads"
"C0776";"signup";"2023-03-26";"referral"
"C0777";"signup";"2023-03-03";"ads"
"C0778";"signup";"2023-01-29";"outbound"
"C0778";"churned";"2023-05-23";"outbound"
"C0779";"signup";"2023-01-13";"ads"
"C0779";"trial_start";"2023-01-14";"ads"
"C0779";"churned";"2023-03-16";"ads"
"C0780";"signup";"2023-03-26";"outbound"
"C0781";"signup";"2023-01-17";"referral"
"C0781";"trial_start";"2023-01-18";"referral"
"C0781";"activated";"2023-01-19";"referral"
"C0782";"signup";"2023-03-22";"organic"
"C0782";"trial_start";"2023-03-23";"organic"
"C0782";"activated";"2023-03-25";"organic"
"C0783";"signup";"2023-01-21";"outbound"
"C0783";"trial_start";"2023-01-22";"outbound"
"C0783";"activated";"2023-01-25";"outbound"
"C0783";"churned";"2023-05-04";"outbound"
"C0784";"signup";"2023-02-27";"organic"
"C0784";"trial_start";"2023-02-28";"organic"
"C0784";"activated";"2023-03-04";"organic"
"C0784";"churned";"2023-05-03";"organic"
"C0785";"signup";"2023-02-13";"referral"
"C0785";"trial_start";"2023-02-14";"referral"
"C0785";"activated";"2023-02-18";"referral"
"C0786";"signup";"2023-03-26";"organic"
"C0787";"signup";"2023-01-09";"referral"
"C0787";"trial_start";"2023-01-10";"referral"
"C0787";"activated";"2023-01-15";"referral"
"C0787";"churned";"2023-03-09";"referral"
"C0788";"signup";"2023-01-15";"organic"
"C0788";"churned";"2023-03-30";"organic"
"C0789";"signup";"2023-02-27";"referral"
"C0789";"churned";"2023-06-01";"referral"
"C0790";"signup";"2023-02-20";"outbound"
"C0791";"signup";"2023-03-29";"outbound"
"C0791";"trial_start";"2023-03-30";"outbound"
"C0792";"signup";"2023-03-14";"outbound"
"C0792";"trial_start";"2023-03-15";"outbound"
"C0793";"signup";"2023-03-30";"outbound"
"C0793";"trial_start";"2023-03-31";"outbound"
"C0793";"activated";"2023-04-01";"outbound"
"C0794";"signup";"2023-01-20";"outbound"
"C0795";"signup";"2023-02-05";"outbound"
"C0796";"signup";"2023-03-08";"organic"
"C0797";"signup";"2023-02-08";"outbound"
"C0797";"trial_start";"2023-02-09";"outbound"
"C0797";"activated";"2023-02-12";"outbound"
"C0797";"churned";"2023-05-27";"outbound"
"C0798";"signup";"2023-01-08";"ads"
"C0798";"trial_start";"2023-01-09";"ads"
"C0798";"activated";"2023-01-11";"ads"
"C0799";"signup";"2023-02-20";"outbound"
"C0799";"trial_start";"2023-02-21";"outbound"
"C0799";"activated";"2023-02-23";"outbound"
"C0799";"churned";"2023-05-05";"outbound"
"C0800";"signup";"2023-01-29";"ads"
"C0800";"trial_start";"2023-01-30";"ads"
"C0800";"churned";"2023-05-13";"ads"
"C0801";"signup";"2023-01-27";"outbound"
"C0801";"trial_start";"2023-01-28";"outbound"
"C0801";"churned";"2023-03-13";"outbound"
"C0802";"signup";"2023-03-09";"referral"
"C0802";"trial_start";"2023-03-10";"referral"
"C0802";"activated";"2023-03-14";"referral"
"C0803";"signup";"2023-03-11";"ads"
"C0803";"trial_start";"2023-03-12";"ads"
"C0803";"activated";"2023-03-15";"ads"
"C0804";"signup";"2023-02-18";"ads"
"C0804";"trial_start";"2023-02-19";"ads"
"C0805";"signup";"2023-04-01";"outbound"
"C0806";"signup";"2023-03-08";"outbound"
"C0807";"signup";"2023-01-31";"referral"
"C0807";"trial_start";"2023-02-01";"referral"
"C0808";"signup";"2023-01-08";"organic"
"C0809";"signup";"2023-02-02";"referral"
"C0809";"trial_start";"2023-02-03";"referral"
"C0810";"signup";"2023-01-11";"referral"
"C0811";"signup";"2023-01-29";"organic"
"C0811";"trial_start";"2023-01-30";"organic"
"C0811";"activated";"2023-02-03";"organic"
"C0812";"signup";"2023-03-19";"organic"
"C0813";"signup";"2023-03-17";"ads"
"C0813";"trial_start";"2023-03-18";"ads"
"C0813";"activated";"2023-03-19";"ads"
"C0813";"churned";"2023-05-16";"ads"
"C0814";"signup";"2023-03-16";"referral"
"C0815";"signup";"2023-01-06";"organic"
"C0816";"signup";"2023-02-21";"ads"
"C0816";"trial_start";"2023-02-22";"ads"
"C0817";"signup";"2023-01-28";"ads"
"C0817";"trial_start";"2023-01-29";"ads"
"C0817";"churned";"2023-04-20";"ads"
"C0818";"signup";"2023-02-28";"ads"
"C0818";"trial_start";"2023-03-01";"ads"
"C0819";"signup";"2023-02-05";"outbound"
"C0819";"trial_start";"2023-02-06";"outbound"
"C0819";"activated";"2023-02-09";"outbound"
"C0820";"signup";"2023-01-27";"outbound"
"C0821";"signup";"2023-02-14";"organic"
"C0821";"trial_start";"2023-02-15";"organic"
"C0821";"activated";"2023-02-16";"organic"
"C0822";"signup";"2023-02-10";"outbound"
"C0822";"trial_start";"2023-02-11";"outbound"
"C0823";"signup";"2023-03-21";"referral"
"C0823";"trial_start";"2023-03-22";"referral"
"C0823";"activated";"2023-03-25";"referral"
"C0824";"signup";"2023-02-14";"organic"
"C0824";"trial_start";"2023-02-15";"organic"
"C0824";"activated";"2023-02-17";"organic"
"C0825";"signup";"2023-01-03";"referral"
"C0825";"trial_start";"2023-01-04";"referral"
"C0826";"signup";"2023-03-13";"referral"
"C0826";"trial_start";"2023-03-14";"referral"
"C0826";"churned";"2023-04-23";"referral"
"C0827";"signup";"2023-02-03";"organic"
"C0827";"trial_start";"2023-02-04";"organic"
"C0827";"activated";"2023-02-06";"organic"
"C0828";"signup";"2023-02-07";"ads"
"C0829";"signup";"2023-02-26";"outbound"
"C0829";"trial_start";"2023-02-27";"outbound"
"C0829";"activated";"2023-03-02";"outbound"
"C0829";"churned";"2023-04-25";"outbound"
"C0830";"signup";"2023-02-01";"outbound"
"C0830";"trial_start";"2023-02-02";"outbound"
"C0830";"churned";"2023-04-09";"outbound"
"C0831";"signup";"2023-01-03";"outbound"
"C0831";"trial_start";"2023-01-04";"outbound"
"C0831";"activated";"2023-01-09";"outbound"
"C0832";"signup";"2023-02-22";"outbound"
"C0832";"trial_start";"2023-02-23";"outbound"
"C0832";"activated";"2023-02-28";"outbound"
"C0833";"signup";"2023-02-03";"organic"
"C0834";"signup";"2023-02-25";"referral"
"C0835";"signup";"2023-03-11";"referral"
"C0835";"churned";"2023-07-08";"referral"
"C0836";"signup";"2023-03-10";"outbound"
"C0836";"trial_start";"2023-03-11";"outbound"
"C0837";"signup";"2023-03-10";"organic"
"C0838";"signup";"2023-03-31";"referral"
"C0838";"trial_start";"2023-04-01";"referral"
"C0839";"signup";"2023-02-28";"ads"
"C0839";"trial_start";"2023-03-01";"ads"
"C0839";"activated";"2023-03-03";"ads"
"C0839";"churned";"2023-05-26";"ads"
"C0840";"signup";"2023-02-14";"ads"
"C0840";"churned";"2023-04-30";"ads"
"C0841";"signup";"2023-02-05";"ads"
"C0842";"signup";"2023-02-25";"organic"
"C0843";"signup";"2023-03-26";"outbound"
"C0843";"trial_start";"2023-03-27";"outbound"
"C0844";"signup";"2023-01-19";"organic"
"C0845";"signup";"2023-03-20";"ads"
"C0846";"signup";"2023-03-20";"ads"
"C0846";"trial_start";"2023-03-21";"ads"
"C0846";"activated";"2023-03-23";"ads"
"C0846";"churned";"2023-07-04";"ads"
"C0847";"signup";"2023-01-24";"outbound"
"C0848";"signup";"2023-01-12";"referral"
"C0848";"trial_start";"2023-01-13";"referral"
"C0849";"signup";"2023-02-18";"organic"
"C0849";"trial_start";"2023-02-19";"organic"
"C0849";"activated";"2023-02-20";"organic"
"C0850";"signup";"2023-04-01";"outbound"
"C0850";"trial_start";"2023-04-02";"outbound"
"C0850";"activated";"2023-04-05";"outbound"
"C0851";"signup";"2023-02-14";"outbound"
"C0851";"trial_start";"2023-02-15";"outbound"
"C0851";"activated";"2023-02-16";"outbound"
"C0852";"signup";"2023-03-19";"ads"
"C0852";"trial_start";"2023-03-20";"ads"
"C0852";"churned";"2023-04-18";"ads"
"C0853";"signup";"2023-01-01";"ads"
"C0853";"trial_start";"2023-01-02";"ads"
"C0854";"signup";"2023-01-09";"referral"
"C0854";"trial_start";"2023-01-10";"referral"
"C0854";"churned";"2023-03-07";"referral"
"C0855";"signup";"2023-01-13";"referral"
"C0856";"signup";"2023-02-26";"outbound"
"C0856";"churned";"2023-04-16";"outbound"
"C0857";"signup";"2023-01-04";"organic"
"C0858";"signup";"2023-02-09";"ads"
"C0858";"trial_start";"2023-02-10";"ads"
"C0859";"signup";"2023-01-13";"outbound"
"C0859";"trial_start";"2023-01-14";"outbound"
"C0860";"signup";"2023-03-26";"organic"
"C0860";"trial_start";"2023-03-27";"organic"
"C0860";"activated";"2023-03-28";"organic"
"C0861";"signup";"2023-02-13";"ads"
"C0861";"trial_start";"2023-02-14";"ads"
"C0862";"signup";"2023-01-06";"organic"
"C0863";"signup";"2023-03-08";"ads"
"C0863";"trial_start";"2023-03-09";"ads"
"C0864";"signup";"2023-03-11";"organic"
"C0864";"trial_start";"2023-03-12";"organic"
"C0864";"activated";"2023-03-14";"organic"
"C0865";"signup";"2023-02-21";"organic"
"C0865";"trial_start";"2023-02-22";"organic"
"C0865";"activated";"2023-02-23";"organic"
"C0866";"signup";"2023-03-20";"organic"
"C0866";"trial_start";"2023-03-21";"organic"
"C0867";"signup";"2023-03-09";"ads"
"C0867";"trial_start";"2023-03-10";"ads"
"C0867";"activated";"2023-03-15";"ads"
"C0868";"signup";"2023-03-24";"outbound"
"C0868";"trial_start";"2023-03-25";"outbound"
"C0868";"activated";"2023-03-28";"outbound"
"C0869";"signup";"2023-03-10";"referral"
"C0870";"signup";"2023-03-07";"outbound"
"C0870";"trial_start";"2023-03-08";"outbound"
"C0870";"churned";"2023-04-29";"outbound"
"C0871";"signup";"2023-02-10";"outbound"
"C0871";"trial_start";"2023-02-11";"outbound"
"C0871";"activated";"2023-02-16";"outbound"
"C0871";"churned";"2023-04-29";"outbound"
"C0872";"signup";"2023-03-30";"outbound"
"C0872";"trial_start";"2023-03-31";"outbound"
"C0873";"signup";"2023-01-23";"referral"
"C0874";"signup";"2023-01-06";"organic"
"C0874";"trial_start";"2023-01-07";"organic"
"C0875";"signup";"2023-03-29";"organic"
"C0876";"signup";"2023-03-25";"outbound"
"C0876";"trial_start";"2023-03-26";"outbound"
"C0877";"signup";"2023-02-18";"organic"
"C0878";"signup";"2023-02-02";"organic"
"C0878";"trial_start";"2023-02-03";"organic"
"C0878";"activated";"2023-02-07";"organic"
"C0878";"churned";"2023-05-31";"organic"
"C0879";"signup";"2023-01-10";"outbound"
"C0879";"trial_start";"2023-01-11";"outbound"
"C0880";"signup";"2023-03-10";"outbound"
"C0881";"signup";"2023-02-06";"organic"
"C0881";"trial_start";"2023-02-07";"organic"
"C0881";"activated";"2023-02-08";"organic"
"C0882";"signup";"2023-01-26";"organic"
"C0882";"trial_start";"2023-01-27";"organic"
"C0882";"activated";"2023-01-29";"organic"
"C0883";"signup";"2023-03-02";"ads"
"C0883";"trial_start";"2023-03-03";"ads"
"C0883";"activated";"2023-03-07";"ads"
"C0883";"churned";"2023-06-28";"ads"
"C0884";"signup";"2023-01-31";"ads"
"C0884";"trial_start";"2023-02-01";"ads"
"C0885";"signup";"2023-03-26";"ads"
"C0885";"churned";"2023-05-21";"ads"
"C0886";"signup";"2023-01-06";"referral"
"C0887";"signup";"2023-01-23";"referral"
"C0887";"trial_start";"2023-01-24";"referral"
"C0888";"signup";"2023-02-07";"outbound"
"C0888";"trial_start";"2023-02-08";"outbound"
"C0889";"signup";"2023-01-04";"organic"
"C0889";"trial_start";"2023-01-05";"organic"
"C0889";"activated";"2023-01-10";"organic"
"C0890";"signup";"2023-01-19";"outbound"
"C0890";"trial_start";"2023-01-20";"outbound"
"C0890";"activated";"2023-01-21";"outbound"
"C0891";"signup";"2023-03-21";"ads"
"C0892";"signup";"2023-01-19";"ads"
"C0892";"trial_start";"2023-01-20";"ads"
"C0892";"activated";"2023-01-21";"ads"
"C0893";"signup";"2023-03-14";"organic"
"C0893";"trial_start";"2023-03-15";"organic"
"C0894";"signup";"2023-01-03";"ads"
"C0895";"signup";"2023-02-06";"organic"
"C0895";"trial_start";"2023-02-07";"organic"
"C0895";"churned";"2023-05-09";"organic"
"C0896";"signup";"2023-02-14";"referral"
"C0896";"trial_start";"2023-02-15";"referral"
"C0896";"activated";"2023-02-17";"referral"
"C0897";"signup";"2023-01-29";"referral"
"C0897";"trial_start";"2023-01-30";"referral"
"C0897";"activated";"2023-02-03";"referral"
"C0898";"signup";"2023-02-17";"outbound"
"C0898";"trial_start";"2023-02-18";"outbound"
"C0898";"activated";"2023-02-19";"outbound"
"C0899";"signup";"2023-02-21";"outbound"
"C0899";"trial_start";"2023-02-22";"outbound"
"C0899";"activated";"2023-02-26";"outbound"
"C0900";"signup";"2023-02-28";"organic"
"C0900";"trial_start";"2023-03-01";"organic"
"C0900";"activated";"2023-03-04";"organic"
"C0901";"signup";"2023-01-18";"organic"
"C0901";"trial_start";"2023-01-19";"organic"
"C0901";"activated";"2023-01-21";"organic"
"C0902";"signup";"2023-03-01";"referral"
"C0903";"signup";"2023-01-28";"referral"
"C0903";"trial_start";"2023-01-29";"referral"
"C0903";"activated";"2023-02-02";"referral"
"C0904";"signup";"2023-01-07";"organic"
"C0904";"trial_start";"2023-01-08";"organic"
"C0905";"signup";"2023-01-24";"organic"
"C0905";"trial_start";"2023-01-25";"organic"
"C0905";"activated";"2023-01-30";"organic"
"C0906";"signup";"2023-03-29";"referral"
"C0906";"trial_start";"2023-03-30";"referral"
"C0906";"activated";"2023-04-01";"referral"
"C0906";"churned";"2023-06-07";"referral"
"C0907";"signup";"2023-02-01";"organic"
"C0907";"trial_start";"2023-02-02";"organic"
"C0908";"signup";"2023-03-28";"ads"
"C0908";"trial_start";"2023-03-29";"ads"
"C0908";"activated";"2023-03-30";"ads"
"C0909";"signup";"2023-02-10";"ads"
"C0909";"trial_start";"2023-02-11";"ads"
"C0910";"signup";"2023-01-09";"referral"
"C0911";"signup";"2023-03-02";"organic"
"C0911";"trial_start";"2023-03-03";"organic"
"C0911";"activated";"2023-03-08";"organic"
"C0911";"churned";"2023-04-20";"organic"
"C0912";"signup";"2023-02-23";"outbound"
"C0913";"signup";"2023-03-31";"organic"
"C0913";"trial_start";"2023-04-01";"organic"
"C0914";"signup";"2023-02-26";"outbound"
"C0914";"trial_start";"2023-02-27";"outbound"
"C0915";"signup";"2023-01-22";"organic"
"C0915";"trial_start";"2023-01-23";"organic"
"C0916";"signup";"2023-03-16";"organic"
"C0916";"trial_start";"2023-03-17";"organic"
"C0916";"activated";"2023-03-21";"organic"
"C0917";"signup";"2023-02-13";"referral"
"C0917";"churned";"2023-04-01";"referral"
"C0918";"signup";"2023-03-28";"referral"
"C0918";"trial_start";"2023-03-29";"referral"
"C0919";"signup";"2023-03-23";"outbound"
"C0920";"signup";"2023-02-15";"ads"
"C0920";"churned";"2023-05-31";"ads"
"C0921";"signup";"2023-01-22";"organic"
"C0921";"trial_start";"2023-01-23";"organic"
"C0921";"activated";"2023-01-28";"organic"
"C0922";"signup";"2023-03-04";"ads"
"C0922";"trial_start";"2023-03-05";"ads"
"C0923";"signup";"2023-02-27";"referral"
"C0923";"trial_start";"2023-02-28";"referral"
"C0923";"activated";"2023-03-04";"referral"
"C0924";"signup";"2023-03-12";"referral"
"C0925";"signup";"2023-03-15";"ads"
"C0925";"trial_start";"2023-03-16";"ads"
"C0926";"signup";"2023-03-30";"ads"
"C0926";"trial_start";"2023-03-31";"ads"
"C0926";"activated";"2023-04-05";"ads"
"C0927";"signup";"2023-02-22";"organic"
"C0927";"trial_start";"2023-02-23";"organic"
"C0927";"activated";"2023-02-26";"organic"
"C0928";"signup";"2023-02-06";"organic"
"C0929";"signup";"2023-03-27";"ads"
"C0930";"signup";"2023-01-17";"ads"
"C0930";"trial_start";"2023-01-18";"ads"
"C0930";"activated";"2023-01-21";"ads"
"C0930";"churned";"2023-04-30";"ads"
"C0931";"signup";"2023-01-12";"outbound"
"C0931";"trial_start";"2023-01-13";"outbound"
"C0931";"activated";"2023-01-16";"outbound"
"C0932";"signup";"2023-01-20";"ads"
"C0933";"signup";"2023-03-27";"referral"
"C0933";"trial_start";"2023-03-28";"referral"
"C0933";"churned";"2023-05-06";"referral"
"C0934";"signup";"2023-01-12";"outbound"
"C0934";"trial_start";"2023-01-13";"outbound"
"C0934";"activated";"2023-01-15";"outbound"
"C0934";"churned";"2023-02-21";"outbound"
"C0935";"signup";"2023-02-11";"organic"
"C0935";"trial_start";"2023-02-12";"organic"
"C0936";"signup";"2023-03-19";"organic"
"C0936";"trial_start";"2023-03-20";"organic"
"C0937";"signup";"2023-02-26";"ads"
"C0937";"trial_start";"2023-02-27";"ads"
"C0937";"activated";"2023-03-01";"ads"
"C0938";"signup";"2023-03-31";"outbound"
"C0938";"churned";"2023-06-10";"outbound"
"C0939";"signup";"2023-01-21";"outbound"
"C0940";"signup";"2023-03-06";"organic"
"C0940";"trial_start";"2023-03-07";"organic"
"C0940";"activated";"2023-03-10";"organic"
"C0941";"signup";"2023-03-25";"ads"
"C0941";"trial_start";"2023-03-26";"ads"
"C0941";"activated";"2023-03-28";"ads"
"C0941";"churned";"2023-05-02";"ads"
"C0942";"signup";"2023-02-14";"organic"
"C0942";"trial_start";"2023-02-15";"organic"
"C0943";"signup";"2023-01-02";"organic"
"C0943";"trial_start";"2023-01-03";"organic"
"C0943";"activated";"2023-01-06";"organic"
"C0944";"signup";"2023-03-14";"ads"
"C0945";"signup";"2023-02-17";"organic"
"C0946";"signup";"2023-01-30";"outbound"
"C0946";"trial_start";"2023-01-31";"outbound"
"C0946";"activated";"2023-02-04";"outbound"
"C0947";"signup";"2023-02-21";"referral"
"C0948";"signup";"2023-02-19";"outbound"
"C0948";"trial_start";"2023-02-20";"outbound"
"C0948";"activated";"2023-02-23";"outbound"
"C0949";"signup";"2023-02-21";"outbound"
"C0949";"trial_start";"2023-02-22";"outbound"
"C0950";"signup";"2023-03-17";"outbound"
"C0950";"trial_start";"2023-03-18";"outbound"
"C0950";"activated";"2023-03-22";"outbound"
"C0950";"churned";"2023-05-29";"outbound"
"C0951";"signup";"2023-01-03";"outbound"
"C0951";"trial_start";"2023-01-04";"outbound"
"C0952";"signup";"2023-01-30";"referral"
"C0952";"trial_start";"2023-01-31";"referral"
"C0952";"activated";"2023-02-04";"referral"
"C0953";"signup";"2023-03-04";"outbound"
"C0953";"trial_start";"2023-03-05";"outbound"
"C0953";"churned";"2023-05-14";"outbound"
"C0954";"signup";"2023-03-19";"organic"
"C0954";"trial_start";"2023-03-20";"organic"
"C0955";"signup";"2023-03-04";"organic"
"C0955";"trial_start";"2023-03-05";"organic"
"C0955";"activated";"2023-03-08";"organic"
"C0956";"signup";"2023-03-20";"organic"
"C0956";"trial_start";"2023-03-21";"organic"
"C0956";"activated";"2023-03-24";"organic"
"C0957";"signup";"2023-02-17";"outbound"
"C0957";"trial_start";"2023-02-18";"outbound"
"C0957";"activated";"2023-02-21";"outbound"
"C0958";"signup";"2023-02-11";"outbound"
"C0959";"signup";"2023-02-05";"organic"
"C0959";"trial_start";"2023-02-06";"organic"
"C0959";"activated";"2023-02-08";"organic"
"C0960";"signup";"2023-03-22";"referral"
"C0961";"signup";"2023-02-01";"outbound"
"C0961";"trial_start";"2023-02-02";"outbound"
"C0961";"activated";"2023-02-07";"outbound"
"C0962";"signup";"2023-01-19";"organic"
"C0962";"trial_start";"2023-01-20";"organic"
"C0962";"activated";"2023-01-25";"organic"
"C0963";"signup";"2023-01-09";"referral"
"C0964";"signup";"2023-01-19";"referral"
"C0965";"signup";"2023-03-23";"outbound"
"C0965";"trial_start";"2023-03-24";"outbound"
"C0966";"signup";"2023-02-10";"referral"
"C0966";"trial_start";"2023-02-11";"referral"
"C0966";"churned";"2023-06-02";"referral"
"C0967";"signup";"2023-03-18";"outbound"
"C0967";"trial_start";"2023-03-19";"outbound"
"C0967";"activated";"2023-03-21";"outbound"
"C0968";"signup";"2023-02-01";"referral"
"C0968";"trial_start";"2023-02-02";"referral"
"C0968";"churned";"2023-04-05";"referral"
"C0969";"signup";"2023-01-19";"outbound"
"C0969";"trial_start";"2023-01-20";"outbound"
"C0970";"signup";"2023-03-01";"referral"
"C0971";"signup";"2023-03-13";"organic"
"C0971";"trial_start";"2023-03-14";"organic"
"C0971";"activated";"2023-03-17";"organic"
"C0972";"signup";"2023-04-01";"outbound"
"C0972";"trial_start";"2023-04-02";"outbound"
"C0972";"activated";"2023-04-05";"outbound"
"C0973";"signup";"2023-01-07";"ads"
"C0973";"trial_start";"2023-01-08";"ads"
"C0973";"activated";"2023-01-11";"ads"
"C0974";"signup";"2023-03-12";"organic"
"C0974";"trial_start";"2023-03-13";"organic"
"C0974";"activated";"2023-03-15";"organic"
"C0975";"signup";"2023-03-24";"ads"
"C0975";"trial_start";"2023-03-25";"ads"
"C0975";"activated";"2023-03-30";"ads"
"C0975";"churned";"2023-05-09";"ads"
"C0976";"signup";"2023-01-09";"organic"
"C0976";"trial_start";"2023-01-10";"organic"
"C0976";"activated";"2023-01-12";"organic"
"C0977";"signup";"2023-01-12";"outbound"
"C0978";"signup";"2023-02-13";"organic"
"C0978";"trial_start";"2023-02-14";"organic"
"C0978";"activated";"2023-02-19";"organic"
"C0979";"signup";"2023-03-30";"organic"
"C0980";"signup";"2023-01-21";"organic"
"C0981";"signup";"2023-01-08";"outbound"
"C0981";"trial_start";"2023-01-09";"outbound"
"C0981";"activated";"2023-01-11";"outbound"
"C0982";"signup";"2023-01-29";"ads"
"C0983";"signup";"2023-03-06";"outbound"
"C0983";"trial_start";"2023-03-07";"outbound"
"C0984";"signup";"2023-03-05";"referral"
"C0985";"signup";"2023-01-06";"ads"
"C0985";"trial_start";"2023-01-07";"ads"
"C0985";"activated";"2023-01-11";"ads"
"C0985";"churned";"2023-05-05";"ads"
"C0986";"signup";"2023-03-16";"ads"
"C0986";"trial_start";"2023-03-17";"ads"
"C0987";"signup";"2023-03-10";"outbound"
"C0987";"trial_start";"2023-03-11";"outbound"
"C0988";"signup";"2023-03-07";"referral"
"C0989";"signup";"2023-02-12";"referral"
"C0990";"signup";"2023-02-27";"referral"
"C0990";"trial_start";"2023-02-28";"referral"
"C0991";"signup";"2023-01-27";"organic"
"C0991";"trial_start";"2023-01-28";"organic"
"C0992";"signup";"2023-01-26";"outbound"
"C0993";"signup";"2023-03-17";"outbound"
"C0993";"trial_start";"2023-03-18";"outbound"
"C0993";"activated";"2023-03-20";"outbound"
"C0994";"signup";"2023-01-28";"referral"
"C0994";"trial_start";"2023-01-29";"referral"
"C0994";"activated";"2023-01-31";"referral"
"C0995";"signup";"2023-03-05";"outbound"
"C0995";"trial_start";"2023-03-06";"outbound"
"C0995";"activated";"2023-03-10";"outbound"
"C0996";"signup";"2023-03-04";"outbound"
"C0996";"trial_start";"2023-03-05";"outbound"
"C0997";"signup";"2023-01-10";"outbound"
"C0998";"signup";"2023-01-02";"ads"
"C0999";"signup";"2023-03-14";"organic"
"C0999";"trial_start";"2023-03-15";"organic"
"C0999";"activated";"2023-03-17";"organic"
"C1000";"signup";"2023-01-10";"referral"
"C1000";"trial_start";"2023-01-11";"referral"
"C1000";"activated";"2023-01-12";"referral"
