"subscription_id";"customer_id";"start_date";"end_date";"monthly_price";"status"
"S00001";"C0001";"2023-01-10";"";499;"active"
"S00002";"C0002";"2023-01-12";"";49;"active"
"S00003";"C0003";"2023-01-08";"2023-02-14";149;"canceled"
"S00004";"C0004";"2023-01-21";"";149;"active"
"S00005";"C0005";"2023-04-03";"";99;"active"
"S00006";"C0006";"2023-03-13";"";299;"active"
"S00007";"C0007";"2023-01-19";"";299;"active"
"S00008";"C0008";"2023-01-19";"";299;"active"
"S00009";"C0009";"2023-03-13";"";99;"active"
"S00010";"C0010";"2023-01-11";"";79;"active"
"S00011";"C0011";"2023-02-05";"2023-04-18";49;"canceled"
"S00012";"C0013";"2023-04-01";"";49;"active"
"S00013";"C0014";"2023-01-18";"";499;"active"
"S00014";"C0016";"2023-03-06";"2023-05-27";79;"canceled"
"S00015";"C0017";"2023-02-12";"";499;"active"
"S00016";"C0018";"2023-01-18";"";49;"active"
"S00017";"C0018";"2023-01-18";"";49;"active"
"S00018";"C0019";"2023-03-29";"2023-05-20";149;"canceled"
"S00019";"C0021";"2023-01-17";"";99;"active"
"S00020";"C0022";"2023-03-05";"";149;"active"
"S00021";"C0023";"2023-02-28";"";699;"active"
"S00022";"C0024";"2023-01-13";"";699;"active"
"S00023";"C0025";"2023-03-22";"";299;"active"
"S00024";"C0026";"2023-02-23";"";299;"active"
"S00025";"C0026";"2023-02-23";"";299;"active"
"S00026";"C0027";"2023-01-22";"";149;"active"
"S00027";"C0028";"2023-01-11";"2023-03-23";99;"canceled"
"S00028";"C0029";"2023-04-02";"";499;"active"
"S00029";"C0030";"2023-04-01";"";299;"active"
"S00030";"C0031";"2023-01-18";"";499;"active"
"S00031";"C0032";"2023-04-02";"";79;"active"
"S00032";"C0033";"2023-03-25";"2023-06-04";79;"canceled"
"S00033";"C0034";"2023-03-07";"";699;"active"
"S00034";"C0035";"2023-02-16";"2023-04-04";49;"canceled"
"S00035";"C0036";"2023-03-17";"";149;"active"
"S00036";"C0037";"2023-03-03";"";149;"active"
"S00037";"C0038";"2023-02-15";"2023-04-17";499;"canceled"
"S00038";"C0039";"2023-01-19";"";49;"active"
"S00039";"C0040";"2023-01-17";"";299;"active"
"S00040";"C0041";"2023-03-18";"2023-05-29";149;"canceled"
"S00041";"C0043";"2023-01-12";"";699;"active"
"S00042";"C0044";"2023-03-26";"";499;"active"
"S00043";"C0045";"2023-01-20";"2023-04-02";79;"canceled"
"S00044";"C0046";"2023-02-20";"";699;"active"
"S00045";"C0047";"2023-04-05";"2023-07-01";79;"canceled"
"S00046";"C0048";"2023-02-27";"2023-05-07";79;"canceled"
"S00047";"C0049";"2023-02-25";"2023-05-18";699;"canceled"
"S00048";"C0050";"2023-02-18";"2023-04-15";49;"canceled"
"S00049";"C0052";"2023-03-22";"2023-06-17";149;"canceled"
"S00050";"C0053";"2023-03-22";"";79;"active"
"S00051";"C0054";"2023-01-12";"";149;"active"
"S00052";"C0055";"2023-03-12";"";79;"active"
"S00053";"C0056";"2023-01-22";"2023-04-04";299;"canceled"
"S00054";"C0057";"2023-02-16";"";149;"active"
"S00055";"C0058";"2023-04-04";"";99;"active"
"S00056";"C0059";"2023-02-12";"";79;"active"
"S00057";"C0060";"2023-03-12";"";499;"active"
"S00058";"C0061";"2023-03-17";"";79;"active"
"S00059";"C0062";"2023-04-03";"";499;"active"
"S00060";"C0063";"2023-01-28";"";499;"active"
"S00061";"C0064";"2023-02-20";"";299;"active"
"S00062";"C0065";"2023-02-28";"";699;"active"
"S00063";"C0066";"2023-03-01";"";299;"active"
"S00064";"C0067";"2023-01-12";"";79;"active"
"S00065";"C0068";"2023-02-11";"";79;"active"
"S00066";"C0069";"2023-02-12";"2023-04-17";49;"canceled"
"S00067";"C0070";"2023-03-04";"2023-05-28";499;"canceled"
"S00068";"C0071";"2023-02-03";"";299;"active"
"S00069";"C0072";"2023-04-05";"";499;"active"
"S00070";"C0072";"2023-04-05";"";499;"active"
"S00071";"C0073";"2023-02-28";"";499;"active"
"S00072";"C0074";"2023-01-07";"";79;"active"
"S00073";"C0075";"2023-03-03";"";499;"active"
"S00074";"C0076";"2023-03-22";"";299;"active"
"S00075";"C0077";"2023-01-30";"";79;"active"
"S00076";"C0078";"2023-01-28";"";49;"active"
"S00077";"C0079";"2023-03-18";"";79;"active"
"S00078";"C0080";"2023-02-17";"";79;"active"
"S00079";"C0080";"2023-02-17";"";79;"active"
"S00080";"C0082";"2023-03-27";"";499;"active"
"S00081";"C0083";"2023-03-17";"";699;"active"
"S00082";"C0084";"2023-01-29";"";699;"active"
"S00083";"C0085";"2023-03-15";"";99;"active"
"S00084";"C0086";"2023-02-17";"";99;"active"
"S00085";"C0087";"2023-03-14";"";299;"active"
"S00086";"C0089";"2023-04-01";"";79;"active"
"S00087";"C0090";"2023-03-26";"2023-04-27";499;"canceled"
"S00088";"C0091";"2023-02-23";"";49;"active"
"S00089";"C0092";"2023-02-11";"2023-04-15";699;"canceled"
"S00090";"C0093";"2023-03-12";"";149;"active"
"S00091";"C0094";"2023-03-30";"2023-05-31";49;"canceled"
"S00092";"C0096";"2023-03-15";"";499;"active"
"S00093";"C0097";"2023-02-02";"";149;"active"
"S00094";"C0098";"2023-04-05";"";499;"active"
"S00095";"C0099";"2023-01-15";"";79;"active"
"S00096";"C0099";"2023-01-15";"";79;"active"
"S00097";"C0100";"2023-01-10";"2023-02-12";79;"canceled"
"S00098";"C0101";"2023-03-18";"2023-06-08";79;"canceled"
"S00099";"C0103";"2023-03-04";"";149;"active"
"S00100";"C0104";"2023-01-21";"";499;"active"
"S00101";"C0105";"2023-03-21";"2023-06-13";49;"canceled"
"S00102";"C0106";"2023-03-11";"2023-05-30";499;"canceled"
"S00103";"C0107";"2023-01-17";"";149;"active"
"S00104";"C0108";"2023-01-09";"";299;"active"
"S00105";"C0109";"2023-03-16";"";499;"active"
"S00106";"C0110";"2023-03-29";"";49;"active"
"S00107";"C0111";"2023-01-21";"2023-03-28";299;"canceled"
"S00108";"C0112";"2023-03-17";"";99;"active"
"S00109";"C0113";"2023-02-19";"2023-05-17";499;"canceled"
"S00110";"C0114";"2023-01-24";"2023-03-09";299;"canceled"
"S00111";"C0115";"2023-01-30";"2023-04-12";699;"canceled"
"S00112";"C0116";"2023-01-12";"";299;"active"
"S00113";"C0117";"2023-02-12";"";99;"active"
"S00114";"C0118";"2023-03-09";"";99;"active"
"S00115";"C0119";"2023-01-18";"";49;"active"
"S00116";"C0120";"2023-03-04";"";499;"active"
"S00117";"C0121";"2023-03-19";"";699;"active"
"S00118";"C0122";"2023-01-06";"";699;"active"
"S00119";"C0123";"2023-03-02";"";99;"active"
"S00120";"C0124";"2023-03-08";"";99;"active"
"S00121";"C0125";"2023-01-19";"2023-03-28";49;"canceled"
"S00122";"C0126";"2023-01-23";"";79;"active"
"S00123";"C0127";"2023-01-15";"";49;"active"
"S00124";"C0128";"2023-03-21";"";699;"active"
"S00125";"C0130";"2023-03-16";"";299;"active"
"S00126";"C0131";"2023-02-21";"";699;"active"
"S00127";"C0132";"2023-01-23";"";299;"active"
"S00128";"C0133";"2023-01-07";"";699;"active"
"S00129";"C0135";"2023-03-12";"2023-04-21";79;"canceled"
"S00130";"C0136";"2023-03-19";"";79;"active"
"S00131";"C0137";"2023-02-20";"2023-05-09";149;"canceled"
"S00132";"C0138";"2023-02-08";"";49;"active"
"S00133";"C0139";"2023-02-21";"";149;"active"
"S00134";"C0140";"2023-03-30";"";499;"active"
"S00135";"C0141";"2023-02-10";"";99;"active"
"S00136";"C0142";"2023-02-23";"";99;"active"
"S00137";"C0143";"2023-01-15";"";149;"active"
"S00138";"C0144";"2023-02-26";"";699;"active"
"S00139";"C0145";"2023-03-24";"2023-06-18";79;"canceled"
"S00140";"C0146";"2023-02-04";"2023-04-16";99;"canceled"
"S00141";"C0147";"2023-01-29";"2023-04-07";499;"canceled"
"S00142";"C0148";"2023-03-31";"2023-06-20";99;"canceled"
"S00143";"C0149";"2023-03-08";"";149;"active"
"S00144";"C0150";"2023-02-27";"2023-03-31";79;"canceled"
"S00145";"C0151";"2023-01-26";"2023-03-29";49;"canceled"
"S00146";"C0152";"2023-01-24";"2023-03-11";79;"canceled"
"S00147";"C0153";"2023-02-26";"";299;"active"
"S00148";"C0154";"2023-03-31";"";49;"active"
"S00149";"C0155";"2023-03-07";"";79;"active"
"S00150";"C0156";"2023-01-24";"";699;"active"
"S00151";"C0157";"2023-03-12";"";499;"active"
"S00152";"C0159";"2023-01-14";"2023-03-09";79;"canceled"
"S00153";"C0160";"2023-01-31";"";299;"active"
"S00154";"C0161";"2023-03-24";"2023-05-23";299;"canceled"
"S00155";"C0162";"2023-03-15";"";49;"active"
"S00156";"C0163";"2023-03-24";"";49;"active"
"S00157";"C0164";"2023-03-30";"";149;"active"
"S00158";"C0165";"2023-03-14";"";699;"active"
"S00159";"C0166";"2023-02-19";"";499;"active"
"S00160";"C0167";"2023-03-20";"2023-04-27";99;"canceled"
"S00161";"C0168";"2023-02-04";"";49;"active"
"S00162";"C0169";"2023-02-27";"";49;"active"
"S00163";"C0170";"2023-03-20";"";299;"active"
"S00164";"C0170";"2023-03-20";"";299;"active"
"S00165";"C0171";"2023-04-04";"";149;"active"
"S00166";"C0172";"2023-03-30";"";99;"active"
"S00167";"C0173";"2023-02-21";"";499;"active"
"S00168";"C0174";"2023-03-17";"";149;"active"
"S00169";"C0175";"2023-03-08";"";99;"active"
"S00170";"C0176";"2023-02-25";"";699;"active"
"S00171";"C0177";"2023-02-04";"";499;"active"
"S00172";"C0178";"2023-03-12";"";99;"active"
"S00173";"C0179";"2023-04-03";"";79;"active"
"S00174";"C0180";"2023-01-17";"";149;"active"
"S00175";"C0181";"2023-01-14";"";99;"active"
"S00176";"C0182";"2023-02-24";"";149;"active"
"S00177";"C0183";"2023-03-23";"2023-06-10";699;"canceled"
"S00178";"C0184";"2023-03-10";"";79;"active"
"S00179";"C0186";"2023-01-30";"2023-04-08";299;"canceled"
"S00180";"C0187";"2023-02-04";"";499;"active"
"S00181";"C0187";"2023-02-04";"";499;"active"
"S00182";"C0188";"2023-01-06";"";49;"active"
"S00183";"C0189";"2023-02-20";"";149;"active"
"S00184";"C0190";"2023-04-06";"2023-05-11";299;"canceled"
"S00185";"C0191";"2023-03-18";"";99;"active"
"S00186";"C0192";"2023-02-03";"";79;"active"
"S00187";"C0193";"2023-01-06";"";149;"active"
"S00188";"C0194";"2023-03-11";"";49;"active"
"S00189";"C0196";"2023-03-20";"";149;"active"
"S00190";"C0197";"2023-02-06";"";699;"active"
"S00191";"C0198";"2023-03-22";"";149;"active"
"S00192";"C0199";"2023-03-28";"";79;"active"
"S00193";"C0200";"2023-02-15";"";99;"active"
"S00194";"C0201";"2023-02-08";"2023-03-15";149;"canceled"
"S00195";"C0202";"2023-02-18";"2023-05-18";79;"canceled"
"S00196";"C0203";"2023-02-20";"2023-04-27";99;"canceled"
"S00197";"C0204";"2023-04-03";"";79;"active"
"S00198";"C0205";"2023-02-05";"";79;"active"
"S00199";"C0206";"2023-03-26";"";699;"active"
"S00200";"C0208";"2023-03-31";"";49;"active"
"S00201";"C0209";"2023-01-11";"";99;"active"
"S00202";"C0210";"2023-03-20";"";149;"active"
"S00203";"C0211";"2023-03-12";"";79;"active"
"S00204";"C0212";"2023-03-14";"";149;"active"
"S00205";"C0213";"2023-02-19";"";499;"active"
"S00206";"C0214";"2023-01-21";"";149;"active"
"S00207";"C0215";"2023-04-02";"2023-06-08";49;"canceled"
"S00208";"C0216";"2023-03-25";"";79;"active"
"S00209";"C0217";"2023-03-07";"";99;"active"
"S00210";"C0218";"2023-02-01";"";699;"active"
"S00211";"C0219";"2023-02-10";"";299;"active"
"S00212";"C0220";"2023-02-04";"";499;"active"
"S00213";"C0221";"2023-03-02";"";79;"active"
"S00214";"C0223";"2023-01-07";"2023-03-09";79;"canceled"
"S00215";"C0225";"2023-03-13";"";99;"active"
"S00216";"C0226";"2023-03-18";"";49;"active"
"S00217";"C0227";"2023-01-13";"2023-02-28";149;"canceled"
"S00218";"C0228";"2023-01-18";"";99;"active"
"S00219";"C0229";"2023-03-18";"";99;"active"
"S00220";"C0230";"2023-02-19";"";299;"active"
"S00221";"C0231";"2023-03-30";"";699;"active"
"S00222";"C0232";"2023-03-12";"";499;"active"
"S00223";"C0233";"2023-03-25";"";499;"active"
"S00224";"C0234";"2023-03-28";"";99;"active"
"S00225";"C0235";"2023-02-26";"";49;"active"
"S00226";"C0236";"2023-02-15";"";99;"active"
"S00227";"C0237";"2023-02-25";"";149;"active"
"S00228";"C0239";"2023-03-13";"";149;"active"
"S00229";"C0240";"2023-01-22";"";499;"active"
"S00230";"C0241";"2023-01-16";"2023-03-12";49;"canceled"
"S00231";"C0242";"2023-03-07";"";49;"active"
"S00232";"C0243";"2023-01-16";"2023-03-26";79;"canceled"
"S00233";"C0244";"2023-02-24";"";79;"active"
"S00234";"C0245";"2023-01-22";"2023-04-15";79;"canceled"
"S00235";"C0246";"2023-03-31";"";99;"active"
"S00236";"C0247";"2023-03-16";"";299;"active"
"S00237";"C0249";"2023-01-28";"";149;"active"
"S00238";"C0250";"2023-03-19";"";499;"active"
"S00239";"C0251";"2023-02-19";"";79;"active"
"S00240";"C0252";"2023-02-21";"";79;"active"
"S00241";"C0253";"2023-01-23";"";149;"active"
"S00242";"C0254";"2023-03-09";"";149;"active"
"S00243";"C0255";"2023-02-12";"";699;"active"
"S00244";"C0255";"2023-02-12";"";699;"active"
"S00245";"C0256";"2023-02-27";"";149;"active"
"S00246";"C0257";"2023-03-29";"";149;"active"
"S00247";"C0258";"2023-03-27";"2023-06-13";699;"canceled"
"S00248";"C0260";"2023-04-03";"";499;"active"
"S00249";"C0261";"2023-02-27";"2023-04-02";79;"canceled"
"S00250";"C0262";"2023-01-20";"";299;"active"
"S00251";"C0263";"2023-03-09";"2023-04-09";79;"canceled"
"S00252";"C0264";"2023-03-15";"2023-04-20";99;"canceled"
"S00253";"C0265";"2023-03-03";"";79;"active"
"S00254";"C0266";"2023-02-02";"";99;"active"
"S00255";"C0267";"2023-02-22";"";699;"active"
"S00256";"C0267";"2023-02-22";"";699;"active"
"S00257";"C0268";"2023-01-24";"2023-04-13";149;"canceled"
"S00258";"C0269";"2023-03-07";"2023-06-02";699;"canceled"
"S00259";"C0270";"2023-02-23";"";49;"active"
"S00260";"C0271";"2023-02-24";"";149;"active"
"S00261";"C0273";"2023-01-18";"";79;"active"
"S00262";"C0274";"2023-02-14";"";79;"active"
"S00263";"C0275";"2023-03-17";"";99;"active"
"S00264";"C0276";"2023-02-21";"";699;"active"
"S00265";"C0278";"2023-03-02";"";79;"active"
"S00266";"C0279";"2023-02-25";"";49;"active"
"S00267";"C0280";"2023-04-04";"";299;"active"
"S00268";"C0281";"2023-02-06";"2023-03-13";499;"canceled"
"S00269";"C0282";"2023-03-27";"2023-05-18";499;"canceled"
"S00270";"C0283";"2023-03-15";"";79;"active"
"S00271";"C0284";"2023-03-18";"";699;"active"
"S00272";"C0285";"2023-01-30";"2023-03-25";99;"canceled"
"S00273";"C0286";"2023-02-07";"";149;"active"
"S00274";"C0287";"2023-03-16";"";79;"active"
"S00275";"C0288";"2023-02-16";"";99;"active"
"S00276";"C0289";"2023-03-17";"2023-05-19";79;"canceled"
"S00277";"C0290";"2023-02-08";"";149;"active"
"S00278";"C0290";"2023-02-08";"";149;"active"
"S00279";"C0291";"2023-02-23";"";49;"active"
"S00280";"C0292";"2023-03-26";"2023-06-10";49;"canceled"
"S00281";"C0293";"2023-03-15";"";79;"active"
"S00282";"C0294";"2023-03-17";"2023-05-04";99;"canceled"
"S00283";"C0295";"2023-02-16";"2023-04-20";499;"canceled"
"S00284";"C0296";"2023-01-22";"2023-02-23";79;"canceled"
"S00285";"C0297";"2023-01-30";"2023-04-06";499;"canceled"
"S00286";"C0298";"2023-03-31";"";299;"active"
"S00287";"C0299";"2023-02-21";"2023-05-07";49;"canceled"
"S00288";"C0300";"2023-02-01";"";699;"active"
"S00289";"C0301";"2023-01-13";"";499;"active"
"S00290";"C0302";"2023-02-22";"";49;"active"
"S00291";"C0303";"2023-01-11";"";699;"active"
"S00292";"C0306";"2023-02-04";"";79;"active"
"S00293";"C0307";"2023-03-19";"";79;"active"
"S00294";"C0308";"2023-01-19";"";299;"active"
"S00295";"C0309";"2023-04-01";"";49;"active"
"S00296";"C0310";"2023-02-26";"";499;"active"
"S00297";"C0312";"2023-02-20";"";299;"active"
"S00298";"C0313";"2023-02-22";"";499;"active"
"S00299";"C0314";"2023-03-24";"2023-05-27";79;"canceled"
"S00300";"C0315";"2023-03-17";"";99;"active"
"S00301";"C0316";"2023-02-25";"2023-03-29";99;"canceled"
"S00302";"C0317";"2023-03-13";"2023-06-07";99;"canceled"
"S00303";"C0318";"2023-02-03";"2023-03-25";49;"canceled"
"S00304";"C0319";"2023-04-04";"";299;"active"
"S00305";"C0320";"2023-03-20";"2023-04-21";149;"canceled"
"S00306";"C0321";"2023-01-23";"";299;"active"
"S00307";"C0322";"2023-02-13";"2023-04-09";299;"canceled"
"S00308";"C0324";"2023-02-16";"";79;"active"
"S00309";"C0325";"2023-04-05";"";49;"active"
"S00310";"C0326";"2023-03-20";"";699;"active"
"S00311";"C0327";"2023-02-19";"";149;"active"
"S00312";"C0328";"2023-02-04";"";699;"active"
"S00313";"C0329";"2023-03-27";"";99;"active"
"S00314";"C0330";"2023-03-19";"2023-05-20";499;"canceled"
"S00315";"C0331";"2023-01-12";"";149;"active"
"S00316";"C0332";"2023-03-20";"";79;"active"
"S00317";"C0333";"2023-01-24";"2023-02-28";149;"canceled"
"S00318";"C0334";"2023-01-12";"";99;"active"
"S00319";"C0335";"2023-04-05";"2023-05-13";149;"canceled"
"S00320";"C0336";"2023-03-09";"";299;"active"
"S00321";"C0337";"2023-03-14";"2023-04-17";99;"canceled"
"S00322";"C0338";"2023-02-16";"";299;"active"
"S00323";"C0339";"2023-03-01";"";79;"active"
"S00324";"C0340";"2023-01-09";"";79;"active"
"S00325";"C0341";"2023-03-03";"";149;"active"
"S00326";"C0341";"2023-03-03";"";149;"active"
"S00327";"C0342";"2023-01-31";"";79;"active"
"S00328";"C0343";"2023-01-20";"";79;"active"
"S00329";"C0345";"2023-02-11";"2023-04-26";699;"canceled"
"S00330";"C0346";"2023-03-04";"";99;"active"
"S00331";"C0347";"2023-02-01";"";699;"active"
"S00332";"C0348";"2023-01-24";"";499;"active"
"S00333";"C0348";"2023-01-24";"";499;"active"
"S00334";"C0349";"2023-03-31";"";99;"active"
"S00335";"C0350";"2023-04-05";"";49;"active"
"S00336";"C0352";"2023-03-31";"";699;"active"
"S00337";"C0353";"2023-01-19";"2023-04-14";499;"canceled"
"S00338";"C0354";"2023-02-23";"";499;"active"
"S00339";"C0355";"2023-03-23";"";79;"active"
"S00340";"C0357";"2023-01-08";"2023-04-07";299;"canceled"
"S00341";"C0358";"2023-03-09";"";79;"active"
"S00342";"C0358";"2023-03-09";"";79;"active"
"S00343";"C0359";"2023-02-20";"";79;"active"
"S00344";"C0361";"2023-01-13";"";149;"active"
"S00345";"C0362";"2023-01-09";"";99;"active"
"S00346";"C0363";"2023-02-25";"";49;"active"
"S00347";"C0364";"2023-04-02";"";499;"active"
"S00348";"C0365";"2023-03-20";"2023-05-08";299;"canceled"
"S00349";"C0366";"2023-03-16";"2023-05-26";79;"canceled"
"S00350";"C0367";"2023-04-03";"";699;"active"
"S00351";"C0368";"2023-03-14";"";149;"active"
"S00352";"C0370";"2023-03-19";"";99;"active"
"S00353";"C0371";"2023-01-21";"2023-04-14";79;"canceled"
"S00354";"C0372";"2023-02-15";"";149;"active"
"S00355";"C0373";"2023-03-28";"";99;"active"
"S00356";"C0374";"2023-01-22";"2023-04-10";299;"canceled"
"S00357";"C0375";"2023-03-24";"";79;"active"
"S00358";"C0376";"2023-01-09";"";499;"active"
"S00359";"C0377";"2023-03-24";"";499;"active"
"S00360";"C0378";"2023-03-09";"";79;"active"
"S00361";"C0379";"2023-01-07";"";149;"active"
"S00362";"C0380";"2023-01-31";"";49;"active"
"S00363";"C0382";"2023-03-25";"";99;"active"
"S00364";"C0383";"2023-03-01";"";49;"active"
"S00365";"C0384";"2023-02-15";"";499;"active"
"S00366";"C0385";"2023-03-29";"";699;"active"
"S00367";"C0385";"2023-03-29";"";699;"active"
"S00368";"C0386";"2023-03-05";"";49;"active"
"S00369";"C0387";"2023-03-15";"";499;"active"
"S00370";"C0387";"2023-03-15";"";499;"active"
"S00371";"C0388";"2023-03-27";"";79;"active"
"S00372";"C0389";"2023-02-13";"";99;"active"
"S00373";"C0390";"2023-03-25";"";499;"active"
"S00374";"C0391";"2023-03-29";"";499;"active"
"S00375";"C0392";"2023-03-21";"";499;"active"
"S00376";"C0393";"2023-02-16";"";79;"active"
"S00377";"C0394";"2023-01-31";"";49;"active"
"S00378";"C0395";"2023-01-26";"";49;"active"
"S00379";"C0396";"2023-03-28";"";299;"active"
"S00380";"C0397";"2023-03-12";"";79;"active"
"S00381";"C0398";"2023-01-27";"";299;"active"
"S00382";"C0399";"2023-01-26";"";79;"active"
"S00383";"C0400";"2023-02-14";"";699;"active"
"S00384";"C0401";"2023-01-29";"2023-03-08";79;"canceled"
"S00385";"C0402";"2023-02-07";"2023-04-09";699;"canceled"
"S00386";"C0403";"2023-01-06";"";149;"active"
"S00387";"C0404";"2023-03-07";"";149;"active"
"S00388";"C0405";"2023-02-06";"";99;"active"
"S00389";"C0406";"2023-02-01";"2023-03-12";49;"canceled"
"S00390";"C0407";"2023-01-10";"2023-02-11";499;"canceled"
"S00391";"C0408";"2023-03-24";"";49;"active"
"S00392";"C0408";"2023-03-24";"";49;"active"
"S00393";"C0409";"2023-01-28";"2023-03-17";299;"canceled"
"S00394";"C0410";"2023-04-05";"";699;"active"
"S00395";"C0412";"2023-02-21";"";49;"active"
"S00396";"C0413";"2023-02-23";"";699;"active"
"S00397";"C0414";"2023-02-12";"";49;"active"
"S00398";"C0415";"2023-03-14";"";79;"active"
"S00399";"C0416";"2023-01-19";"";499;"active"
"S00400";"C0417";"2023-04-04";"";699;"active"
"S00401";"C0418";"2023-03-24";"";99;"active"
"S00402";"C0420";"2023-01-22";"";149;"active"
"S00403";"C0421";"2023-03-10";"";299;"active"
"S00404";"C0422";"2023-01-30";"2023-03-02";149;"canceled"
"S00405";"C0423";"2023-01-21";"";79;"active"
"S00406";"C0425";"2023-02-17";"";699;"active"
"S00407";"C0426";"2023-01-31";"";99;"active"
"S00408";"C0427";"2023-03-11";"";699;"active"
"S00409";"C0427";"2023-03-11";"";699;"active"
"S00410";"C0428";"2023-02-18";"";299;"active"
"S00411";"C0429";"2023-01-28";"2023-04-21";99;"canceled"
"S00412";"C0431";"2023-03-07";"";499;"active"
"S00413";"C0432";"2023-03-05";"";299;"active"
"S00414";"C0433";"2023-02-27";"";49;"active"
"S00415";"C0434";"2023-04-02";"";299;"active"
"S00416";"C0434";"2023-04-02";"";299;"active"
"S00417";"C0435";"2023-02-17";"";699;"active"
"S00418";"C0437";"2023-01-09";"";149;"active"
"S00419";"C0438";"2023-03-20";"";79;"active"
"S00420";"C0439";"2023-02-14";"";99;"active"
"S00421";"C0440";"2023-01-17";"";79;"active"
"S00422";"C0441";"2023-02-13";"2023-04-03";79;"canceled"
"S00423";"C0442";"2023-01-10";"";49;"active"
"S00424";"C0443";"2023-03-08";"";79;"active"
"S00425";"C0445";"2023-03-14";"";99;"active"
"S00426";"C0446";"2023-03-13";"";79;"active"
"S00427";"C0447";"2023-02-24";"";299;"active"
"S00428";"C0448";"2023-01-11";"";299;"active"
"S00429";"C0449";"2023-01-11";"2023-03-31";499;"canceled"
"S00430";"C0450";"2023-01-08";"";99;"active"
"S00431";"C0451";"2023-01-31";"2023-03-19";299;"canceled"
"S00432";"C0452";"2023-03-03";"";99;"active"
"S00433";"C0453";"2023-01-07";"";299;"active"
"S00434";"C0454";"2023-02-19";"";99;"active"
"S00435";"C0455";"2023-02-11";"";79;"active"
"S00436";"C0456";"2023-02-18";"";49;"active"
"S00437";"C0457";"2023-04-02";"2023-05-26";49;"canceled"
"S00438";"C0458";"2023-02-25";"2023-05-04";299;"canceled"
"S00439";"C0459";"2023-04-04";"";299;"active"
"S00440";"C0460";"2023-01-31";"";499;"active"
"S00441";"C0461";"2023-03-06";"";49;"active"
"S00442";"C0463";"2023-03-05";"";499;"active"
"S00443";"C0464";"2023-02-04";"";79;"active"
"S00444";"C0465";"2023-02-21";"";499;"active"
"S00445";"C0466";"2023-02-16";"";49;"active"
"S00446";"C0467";"2023-03-08";"";79;"active"
"S00447";"C0468";"2023-03-20";"2023-04-25";149;"canceled"
"S00448";"C0469";"2023-01-19";"";499;"active"
"S00449";"C0470";"2023-03-06";"";149;"active"
"S00450";"C0471";"2023-01-26";"";149;"active"
"S00451";"C0472";"2023-04-04";"";699;"active"
"S00452";"C0473";"2023-02-18";"";79;"active"
"S00453";"C0474";"2023-03-20";"";49;"active"
"S00454";"C0475";"2023-03-18";"2023-05-15";79;"canceled"
"S00455";"C0476";"2023-02-26";"2023-04-03";499;"canceled"
"S00456";"C0477";"2023-02-23";"";499;"active"
"S00457";"C0478";"2023-01-23";"";699;"active"
"S00458";"C0479";"2023-01-24";"";149;"active"
"S00459";"C0480";"2023-03-20";"";79;"active"
"S00460";"C0481";"2023-03-19";"";499;"active"
"S00461";"C0483";"2023-02-19";"";299;"active"
"S00462";"C0483";"2023-02-19";"";299;"active"
"S00463";"C0485";"2023-01-22";"";49;"active"
"S00464";"C0486";"2023-01-12";"2023-03-18";699;"canceled"
"S00465";"C0488";"2023-02-11";"";79;"active"
"S00466";"C0489";"2023-03-27";"";149;"active"
"S00467";"C0490";"2023-02-02";"";149;"active"
"S00468";"C0491";"2023-02-21";"";79;"active"
"S00469";"C0492";"2023-01-22";"2023-02-25";499;"canceled"
"S00470";"C0493";"2023-03-09";"";79;"active"
"S00471";"C0494";"2023-02-28";"";699;"active"
"S00472";"C0496";"2023-03-05";"";299;"active"
"S00473";"C0497";"2023-02-03";"2023-04-12";49;"canceled"
"S00474";"C0498";"2023-02-05";"";99;"active"
"S00475";"C0499";"2023-02-21";"2023-03-25";299;"canceled"
"S00476";"C0500";"2023-02-22";"2023-04-23";499;"canceled"
"S00477";"C0501";"2023-03-14";"";699;"active"
"S00478";"C0502";"2023-01-16";"";299;"active"
"S00479";"C0503";"2023-03-31";"";49;"active"
"S00480";"C0504";"2023-03-21";"";49;"active"
"S00481";"C0505";"2023-01-07";"";299;"active"
"S00482";"C0506";"2023-02-17";"";699;"active"
"S00483";"C0507";"2023-04-04";"";499;"active"
"S00484";"C0508";"2023-02-08";"2023-04-09";299;"canceled"
"S00485";"C0509";"2023-01-12";"";99;"active"
"S00486";"C0510";"2023-02-11";"";79;"active"
"S00487";"C0511";"2023-02-10";"";299;"active"
"S00488";"C0512";"2023-01-07";"";299;"active"
"S00489";"C0513";"2023-01-25";"";99;"active"
"S00490";"C0514";"2023-04-05";"2023-05-16";699;"canceled"
"S00491";"C0515";"2023-01-10";"";49;"active"
"S00492";"C0516";"2023-01-25";"";699;"active"
"S00493";"C0517";"2023-02-05";"";499;"active"
"S00494";"C0518";"2023-02-19";"2023-04-06";699;"canceled"
"S00495";"C0519";"2023-01-12";"2023-03-08";149;"canceled"
"S00496";"C0520";"2023-03-15";"2023-05-27";499;"canceled"
"S00497";"C0521";"2023-02-08";"2023-05-04";149;"canceled"
"S00498";"C0522";"2023-03-04";"";99;"active"
"S00499";"C0523";"2023-01-11";"2023-03-16";499;"canceled"
"S00500";"C0524";"2023-03-02";"";499;"active"
"S00501";"C0525";"2023-02-09";"";99;"active"
"S00502";"C0526";"2023-04-02";"";499;"active"
"S00503";"C0527";"2023-03-13";"";499;"active"
"S00504";"C0528";"2023-01-07";"";699;"active"
"S00505";"C0529";"2023-03-14";"2023-05-11";99;"canceled"
"S00506";"C0530";"2023-02-11";"";49;"active"
"S00507";"C0530";"2023-02-11";"";49;"active"
"S00508";"C0531";"2023-03-23";"";699;"active"
"S00509";"C0532";"2023-01-21";"";49;"active"
"S00510";"C0533";"2023-02-23";"";499;"active"
"S00511";"C0535";"2023-04-05";"2023-05-23";149;"canceled"
"S00512";"C0536";"2023-01-15";"";99;"active"
"S00513";"C0537";"2023-04-01";"";99;"active"
"S00514";"C0538";"2023-02-10";"";149;"active"
"S00515";"C0540";"2023-02-08";"2023-03-14";149;"canceled"
"S00516";"C0542";"2023-02-25";"2023-04-27";49;"canceled"
"S00517";"C0543";"2023-03-02";"2023-05-12";49;"canceled"
"S00518";"C0545";"2023-01-19";"2023-02-22";299;"canceled"
"S00519";"C0546";"2023-03-04";"2023-05-04";79;"canceled"
"S00520";"C0547";"2023-01-06";"";499;"active"
"S00521";"C0548";"2023-02-17";"";299;"active"
"S00522";"C0548";"2023-02-17";"";299;"active"
"S00523";"C0549";"2023-03-09";"";149;"active"
"S00524";"C0550";"2023-01-14";"";49;"active"
"S00525";"C0551";"2023-03-08";"2023-05-11";99;"canceled"
"S00526";"C0552";"2023-02-13";"";499;"active"
"S00527";"C0553";"2023-02-21";"";99;"active"
"S00528";"C0554";"2023-02-12";"";79;"active"
"S00529";"C0556";"2023-02-13";"";49;"active"
"S00530";"C0557";"2023-01-16";"";149;"active"
"S00531";"C0558";"2023-01-30";"2023-04-07";79;"canceled"
"S00532";"C0559";"2023-01-14";"";499;"active"
"S00533";"C0560";"2023-03-04";"";49;"active"
"S00534";"C0560";"2023-03-04";"";49;"active"
"S00535";"C0561";"2023-01-11";"";79;"active"
"S00536";"C0562";"2023-03-05";"";699;"active"
"S00537";"C0563";"2023-03-21";"2023-04-24";49;"canceled"
"S00538";"C0564";"2023-03-09";"";149;"active"
"S00539";"C0565";"2023-02-06";"";79;"active"
"S00540";"C0565";"2023-02-06";"";79;"active"
"S00541";"C0566";"2023-02-14";"";49;"active"
"S00542";"C0567";"2023-03-22";"2023-06-12";49;"canceled"
"S00543";"C0568";"2023-03-23";"";79;"active"
"S00544";"C0569";"2023-02-18";"";499;"active"
"S00545";"C0570";"2023-04-03";"";79;"active"
"S00546";"C0572";"2023-01-11";"";99;"active"
"S00547";"C0573";"2023-02-28";"2023-04-22";299;"canceled"
"S00548";"C0574";"2023-02-06";"";49;"active"
"S00549";"C0575";"2023-03-27";"";699;"active"
"S00550";"C0576";"2023-01-16";"2023-02-26";49;"canceled"
"S00551";"C0577";"2023-03-22";"";149;"active"
"S00552";"C0578";"2023-03-07";"";79;"active"
"S00553";"C0579";"2023-03-04";"";79;"active"
"S00554";"C0580";"2023-01-29";"";299;"active"
"S00555";"C0581";"2023-02-13";"";49;"active"
"S00556";"C0582";"2023-03-14";"";299;"active"
"S00557";"C0583";"2023-03-16";"";149;"active"
"S00558";"C0584";"2023-02-10";"2023-03-19";699;"canceled"
"S00559";"C0585";"2023-03-07";"";79;"active"
"S00560";"C0586";"2023-03-29";"";79;"active"
"S00561";"C0587";"2023-03-05";"2023-05-21";49;"canceled"
"S00562";"C0589";"2023-01-09";"";49;"active"
"S00563";"C0590";"2023-03-03";"";99;"active"
"S00564";"C0591";"2023-02-16";"2023-03-25";99;"canceled"
"S00565";"C0592";"2023-02-05";"";699;"active"
"S00566";"C0593";"2023-01-15";"";149;"active"
"S00567";"C0594";"2023-02-02";"";149;"active"
"S00568";"C0595";"2023-03-05";"";499;"active"
"S00569";"C0596";"2023-02-17";"2023-05-02";299;"canceled"
"S00570";"C0597";"2023-01-23";"2023-03-23";149;"canceled"
"S00571";"C0598";"2023-02-18";"2023-04-07";299;"canceled"
"S00572";"C0599";"2023-03-28";"";79;"active"
"S00573";"C0600";"2023-02-04";"2023-04-29";299;"canceled"
"S00574";"C0601";"2023-02-02";"";699;"active"
"S00575";"C0602";"2023-03-01";"";79;"active"
"S00576";"C0603";"2023-02-03";"";299;"active"
"S00577";"C0605";"2023-02-28";"";49;"active"
"S00578";"C0606";"2023-03-11";"2023-05-13";149;"canceled"
"S00579";"C0607";"2023-04-05";"";149;"active"
"S00580";"C0608";"2023-01-07";"";149;"active"
"S00581";"C0609";"2023-02-12";"2023-03-19";49;"canceled"
"S00582";"C0610";"2023-02-14";"2023-04-14";699;"canceled"
"S00583";"C0611";"2023-03-21";"2023-05-19";149;"canceled"
"S00584";"C0612";"2023-04-06";"";699;"active"
"S00585";"C0613";"2023-04-06";"";699;"active"
"S00586";"C0614";"2023-04-04";"";49;"active"
"S00587";"C0615";"2023-04-05";"";299;"active"
"S00588";"C0616";"2023-04-03";"2023-06-28";99;"canceled"
"S00589";"C0617";"2023-01-13";"";499;"active"
"S00590";"C0618";"2023-02-24";"";299;"active"
"S00591";"C0618";"2023-02-24";"";299;"active"
"S00592";"C0619";"2023-03-29";"";49;"active"
"S00593";"C0620";"2023-01-23";"";79;"active"
"S00594";"C0621";"2023-03-21";"";499;"active"
"S00595";"C0622";"2023-02-03";"";99;"active"
"S00596";"C0623";"2023-01-12";"2023-03-05";149;"canceled"
"S00597";"C0624";"2023-03-14";"";149;"active"
"S00598";"C0625";"2023-03-15";"";149;"active"
"S00599";"C0626";"2023-04-04";"";49;"active"
"S00600";"C0627";"2023-01-17";"2023-04-14";79;"canceled"
"S00601";"C0628";"2023-01-15";"2023-03-03";49;"canceled"
"S00602";"C0629";"2023-03-10";"2023-04-22";299;"canceled"
"S00603";"C0631";"2023-02-28";"";299;"active"
"S00604";"C0632";"2023-02-28";"";499;"active"
"S00605";"C0632";"2023-02-28";"";499;"active"
"S00606";"C0633";"2023-01-08";"";79;"active"
"S00607";"C0634";"2023-02-17";"";99;"active"
"S00608";"C0635";"2023-03-09";"";499;"active"
"S00609";"C0636";"2023-03-05";"";79;"active"
"S00610";"C0637";"2023-02-08";"2023-04-02";99;"canceled"
"S00611";"C0638";"2023-01-12";"2023-03-01";149;"canceled"
"S00612";"C0640";"2023-01-26";"";99;"active"
"S00613";"C0641";"2023-04-06";"";499;"active"
"S00614";"C0642";"2023-01-20";"2023-03-11";299;"canceled"
"S00615";"C0643";"2023-02-08";"";79;"active"
"S00616";"C0644";"2023-02-15";"";79;"active"
"S00617";"C0645";"2023-01-26";"";49;"active"
"S00618";"C0646";"2023-03-10";"";149;"active"
"S00619";"C0647";"2023-03-16";"";99;"active"
"S00620";"C0648";"2023-02-12";"";699;"active"
"S00621";"C0649";"2023-01-24";"";499;"active"
"S00622";"C0650";"2023-04-04";"2023-06-03";49;"canceled"
"S00623";"C0651";"2023-03-17";"2023-04-17";149;"canceled"
"S00624";"C0652";"2023-02-03";"";49;"active"
"S00625";"C0653";"2023-01-30";"";79;"active"
"S00626";"C0654";"2023-01-31";"2023-04-05";699;"canceled"
"S00627";"C0655";"2023-04-01";"";299;"active"
"S00628";"C0656";"2023-03-24";"";49;"active"
"S00629";"C0657";"2023-01-24";"";149;"active"
"S00630";"C0658";"2023-02-11";"";99;"active"
"S00631";"C0659";"2023-01-17";"2023-04-13";149;"canceled"
"S00632";"C0660";"2023-02-28";"";99;"active"
"S00633";"C0661";"2023-03-01";"";149;"active"
"S00634";"C0662";"2023-01-17";"2023-03-07";149;"canceled"
"S00635";"C0664";"2023-02-17";"2023-04-25";699;"canceled"
"S00636";"C0665";"2023-01-06";"";99;"active"
"S00637";"C0666";"2023-04-06";"";79;"active"
"S00638";"C0667";"2023-02-12";"";49;"active"
"S00639";"C0668";"2023-03-21";"";299;"active"
"S00640";"C0669";"2023-01-06";"2023-02-24";499;"canceled"
"S00641";"C0670";"2023-03-07";"2023-05-18";99;"canceled"
"S00642";"C0671";"2023-03-09";"";499;"active"
"S00643";"C0672";"2023-02-10";"";49;"active"
"S00644";"C0673";"2023-03-08";"";699;"active"
"S00645";"C0674";"2023-04-04";"";99;"active"
"S00646";"C0675";"2023-02-08";"2023-03-13";79;"canceled"
"S00647";"C0676";"2023-04-04";"2023-05-14";49;"canceled"
"S00648";"C0677";"2023-02-28";"";99;"active"
"S00649";"C0677";"2023-02-28";"";99;"active"
"S00650";"C0678";"2023-03-28";"";299;"active"
"S00651";"C0679";"2023-01-18";"";79;"active"
"S00652";"C0680";"2023-04-03";"";99;"active"
"S00653";"C0681";"2023-01-18";"";99;"active"
"S00654";"C0682";"2023-03-13";"";699;"active"
"S00655";"C0683";"2023-01-26";"2023-03-06";299;"canceled"
"S00656";"C0684";"2023-01-30";"";299;"active"
"S00657";"C0685";"2023-03-14";"";499;"active"
"S00658";"C0686";"2023-01-20";"";49;"active"
"S00659";"C0687";"2023-01-08";"";99;"active"
"S00660";"C0688";"2023-03-03";"";299;"active"
"S00661";"C0690";"2023-02-13";"2023-05-06";49;"canceled"
"S00662";"C0691";"2023-04-04";"2023-05-18";99;"canceled"
"S00663";"C0692";"2023-01-22";"";149;"active"
"S00664";"C0693";"2023-01-15";"2023-03-16";699;"canceled"
"S00665";"C0694";"2023-01-31";"2023-04-21";499;"canceled"
"S00666";"C0695";"2023-01-13";"";99;"active"
"S00667";"C0695";"2023-01-13";"";99;"active"
"S00668";"C0696";"2023-01-07";"";699;"active"
"S00669";"C0697";"2023-03-22";"";79;"active"
"S00670";"C0698";"2023-01-24";"";99;"active"
"S00671";"C0699";"2023-01-26";"";699;"active"
"S00672";"C0700";"2023-03-19";"2023-06-09";299;"canceled"
"S00673";"C0701";"2023-03-14";"2023-04-25";99;"canceled"
"S00674";"C0702";"2023-03-15";"2023-05-30";49;"canceled"
"S00675";"C0705";"2023-03-07";"";299;"active"
"S00676";"C0706";"2023-01-19";"2023-03-12";149;"canceled"
"S00677";"C0707";"2023-03-12";"2023-04-18";699;"canceled"
"S00678";"C0709";"2023-01-20";"";149;"active"
"S00679";"C0710";"2023-03-18";"";49;"active"
"S00680";"C0711";"2023-02-11";"";499;"active"
"S00681";"C0713";"2023-03-17";"";699;"active"
"S00682";"C0714";"2023-03-07";"";99;"active"
"S00683";"C0716";"2023-01-19";"";299;"active"
"S00684";"C0717";"2023-01-24";"";499;"active"
"S00685";"C0718";"2023-01-27";"2023-03-10";99;"canceled"
"S00686";"C0719";"2023-02-26";"2023-05-20";149;"canceled"
"S00687";"C0720";"2023-02-10";"";699;"active"
"S00688";"C0721";"2023-03-29";"";99;"active"
"S00689";"C0722";"2023-02-26";"";299;"active"
"S00690";"C0723";"2023-01-19";"2023-03-21";149;"canceled"
"S00691";"C0724";"2023-01-23";"2023-04-10";49;"canceled"
"S00692";"C0725";"2023-03-10";"";79;"active"
"S00693";"C0726";"2023-01-25";"";299;"active"
"S00694";"C0727";"2023-03-13";"";699;"active"
"S00695";"C0728";"2023-03-10";"";99;"active"
"S00696";"C0729";"2023-03-16";"";699;"active"
"S00697";"C0729";"2023-03-16";"";699;"active"
"S00698";"C0730";"2023-01-21";"";99;"active"
"S00699";"C0731";"2023-01-10";"2023-03-16";499;"canceled"
"S00700";"C0732";"2023-02-13";"";79;"active"
"S00701";"C0733";"2023-02-24";"";49;"active"
"S00702";"C0734";"2023-03-17";"";299;"active"
"S00703";"C0735";"2023-01-26";"";149;"active"
"S00704";"C0736";"2023-02-23";"";99;"active"
"S00705";"C0737";"2023-01-13";"2023-02-14";79;"canceled"
"S00706";"C0738";"2023-02-19";"";299;"active"
"S00707";"C0738";"2023-02-19";"";299;"active"
"S00708";"C0739";"2023-02-18";"";149;"active"
"S00709";"C0740";"2023-02-19";"2023-04-05";79;"canceled"
"S00710";"C0741";"2023-02-14";"";499;"active"
"S00711";"C0742";"2023-02-18";"2023-04-23";99;"canceled"
"S00712";"C0743";"2023-03-31";"";299;"active"
"S00713";"C0744";"2023-01-08";"";299;"active"
"S00714";"C0744";"2023-01-08";"";299;"active"
"S00715";"C0745";"2023-03-20";"";299;"active"
"S00716";"C0746";"2023-04-04";"";99;"active"
"S00717";"C0747";"2023-04-01";"";299;"active"
"S00718";"C0749";"2023-03-28";"";699;"active"
"S00719";"C0750";"2023-02-02";"";49;"active"
"S00720";"C0751";"2023-02-03";"";49;"active"
"S00721";"C0752";"2023-03-22";"";49;"active"
"S00722";"C0753";"2023-03-01";"2023-05-20";49;"canceled"
"S00723";"C0754";"2023-02-13";"";99;"active"
"S00724";"C0755";"2023-01-31";"";99;"active"
"S00725";"C0756";"2023-03-17";"2023-04-17";499;"canceled"
"S00726";"C0757";"2023-01-29";"";79;"active"
"S00727";"C0758";"2023-03-06";"";499;"active"
"S00728";"C0759";"2023-03-02";"";499;"active"
"S00729";"C0760";"2023-02-21";"";79;"active"
"S00730";"C0761";"2023-02-13";"";149;"active"
"S00731";"C0762";"2023-01-14";"";699;"active"
"S00732";"C0763";"2023-03-29";"2023-06-10";299;"canceled"
"S00733";"C0764";"2023-02-05";"2023-03-19";49;"canceled"
"S00734";"C0765";"2023-02-14";"";299;"active"
"S00735";"C0766";"2023-01-10";"2023-02-26";79;"canceled"
"S00736";"C0767";"2023-02-10";"";79;"active"
"S00737";"C0768";"2023-03-09";"";49;"active"
"S00738";"C0769";"2023-03-24";"";49;"active"
"S00739";"C0770";"2023-02-21";"";49;"active"
"S00740";"C0771";"2023-01-23";"2023-03-30";499;"canceled"
"S00741";"C0772";"2023-01-21";"";699;"active"
"S00742";"C0773";"2023-03-14";"";49;"active"
"S00743";"C0774";"2023-02-15";"";299;"active"
"S00744";"C0775";"2023-02-05";"";79;"active"
"S00745";"C0776";"2023-02-10";"";99;"active"
"S00746";"C0777";"2023-03-15";"";49;"active"
"S00747";"C0778";"2023-04-03";"2023-05-20";699;"canceled"
"S00748";"C0780";"2023-02-22";"";49;"active"
"S00749";"C0782";"2023-03-31";"";49;"active"
"S00750";"C0783";"2023-02-05";"";149;"active"
"S00751";"C0785";"2023-04-03";"2023-06-27";79;"canceled"
"S00752";"C0786";"2023-02-24";"2023-04-20";99;"canceled"
"S00753";"C0787";"2023-02-05";"";699;"active"
"S00754";"C0789";"2023-03-29";"";49;"active"
"S00755";"C0790";"2023-03-09";"";149;"active"
"S00756";"C0791";"2023-03-01";"";699;"active"
"S00757";"C0792";"2023-02-08";"";99;"active"
"S00758";"C0793";"2023-03-17";"";149;"active"
"S00759";"C0794";"2023-03-29";"";499;"active"
"S00760";"C0795";"2023-01-06";"";499;"active"
"S00761";"C0796";"2023-01-20";"2023-03-24";499;"canceled"
"S00762";"C0798";"2023-01-22";"";499;"active"
"S00763";"C0800";"2023-01-23";"";499;"active"
"S00764";"C0801";"2023-02-11";"2023-04-08";99;"canceled"
"S00765";"C0802";"2023-02-23";"";299;"active"
"S00766";"C0805";"2023-03-27";"2023-05-01";149;"canceled"
"S00767";"C0806";"2023-04-05";"";49;"active"
"S00768";"C0807";"2023-02-08";"2023-04-02";79;"canceled"
"S00769";"C0809";"2023-03-14";"";149;"active"
"S00770";"C0810";"2023-02-03";"";79;"active"
"S00771";"C0811";"2023-02-09";"";149;"active"
"S00772";"C0812";"2023-02-01";"";699;"active"
"S00773";"C0813";"2023-02-28";"2023-05-19";79;"canceled"
"S00774";"C0814";"2023-02-08";"2023-04-07";79;"canceled"
"S00775";"C0815";"2023-04-03";"";49;"active"
"S00776";"C0815";"2023-04-03";"";49;"active"
"S00777";"C0816";"2023-02-16";"";149;"active"
"S00778";"C0817";"2023-04-06";"";299;"active"
"S00779";"C0818";"2023-01-13";"2023-04-12";79;"canceled"
"S00780";"C0819";"2023-02-20";"";499;"active"
"S00781";"C0820";"2023-01-11";"2023-03-14";299;"canceled"
"S00782";"C0821";"2023-02-25";"";79;"active"
"S00783";"C0822";"2023-03-21";"2023-04-30";299;"canceled"
"S00784";"C0823";"2023-02-18";"";79;"active"
"S00785";"C0824";"2023-03-02";"2023-04-08";99;"canceled"
"S00786";"C0825";"2023-01-22";"";699;"active"
"S00787";"C0826";"2023-03-02";"";99;"active"
"S00788";"C0827";"2023-02-08";"";149;"active"
"S00789";"C0828";"2023-03-09";"";79;"active"
"S00790";"C0830";"2023-03-03";"2023-04-11";49;"canceled"
"S00791";"C0831";"2023-01-10";"";79;"active"
"S00792";"C0832";"2023-03-10";"2023-05-01";499;"canceled"
"S00793";"C0833";"2023-03-05";"";699;"active"
"S00794";"C0834";"2023-02-19";"2023-05-15";99;"canceled"
"S00795";"C0835";"2023-01-27";"";699;"active"
"S00796";"C0836";"2023-03-21";"2023-04-20";299;"canceled"
"S00797";"C0837";"2023-01-29";"";49;"active"
"S00798";"C0838";"2023-01-18";"";49;"active"
"S00799";"C0840";"2023-02-22";"";49;"active"
"S00800";"C0841";"2023-01-16";"";499;"active"
"S00801";"C0842";"2023-02-09";"";49;"active"
"S00802";"C0843";"2023-03-26";"";99;"active"
"S00803";"C0846";"2023-01-22";"2023-02-24";699;"canceled"
"S00804";"C0847";"2023-02-16";"";499;"active"
"S00805";"C0849";"2023-02-26";"";79;"active"
"S00806";"C0850";"2023-01-17";"2023-03-01";79;"canceled"
"S00807";"C0851";"2023-02-26";"";699;"active"
"S00808";"C0852";"2023-02-13";"";149;"active"
"S00809";"C0855";"2023-02-20";"";699;"active"
"S00810";"C0856";"2023-03-04";"";149;"active"
"S00811";"C0857";"2023-01-17";"";699;"active"
"S00812";"C0858";"2023-03-27";"";49;"active"
"S00813";"C0860";"2023-03-29";"";79;"active"
"S00814";"C0861";"2023-03-29";"";99;"active"
"S00815";"C0862";"2023-03-08";"";79;"active"
"S00816";"C0863";"2023-02-06";"";99;"active"
"S00817";"C0864";"2023-01-11";"";299;"active"
"S00818";"C0865";"2023-03-31";"";699;"active"
"S00819";"C0866";"2023-01-16";"";49;"active"
"S00820";"C0867";"2023-01-28";"";699;"active"
"S00821";"C0868";"2023-04-06";"";299;"active"
"S00822";"C0869";"2023-03-04";"";99;"active"
"S00823";"C0871";"2023-02-02";"2023-04-20";299;"canceled"
"S00824";"C0872";"2023-04-02";"2023-06-05";49;"canceled"
"S00825";"C0873";"2023-01-20";"2023-04-01";149;"canceled"
"S00826";"C0874";"2023-02-26";"";499;"active"
"S00827";"C0875";"2023-03-26";"";299;"active"
"S00828";"C0876";"2023-04-04";"";699;"active"
"S00829";"C0877";"2023-01-07";"2023-03-30";49;"canceled"
"S00830";"C0878";"2023-01-30";"";79;"active"
"S00831";"C0879";"2023-02-05";"";499;"active"
"S00832";"C0880";"2023-01-17";"";149;"active"
"S00833";"C0881";"2023-01-20";"2023-02-28";499;"canceled"
"S00834";"C0882";"2023-03-09";"";699;"active"
"S00835";"C0883";"2023-02-12";"";699;"active"
"S00836";"C0884";"2023-01-19";"";499;"active"
"S00837";"C0885";"2023-03-10";"";299;"active"
"S00838";"C0887";"2023-02-26";"";299;"active"
"S00839";"C0890";"2023-02-04";"";299;"active"
"S00840";"C0890";"2023-02-04";"";299;"active"
"S00841";"C0891";"2023-03-17";"2023-06-12";499;"canceled"
"S00842";"C0892";"2023-03-07";"2023-05-15";499;"canceled"
"S00843";"C0893";"2023-04-05";"";79;"active"
"S00844";"C0894";"2023-02-19";"";299;"active"
"S00845";"C0896";"2023-03-24";"";499;"active"
"S00846";"C0897";"2023-02-12";"";149;"active"
"S00847";"C0898";"2023-04-02";"";99;"active"
"S00848";"C0899";"2023-01-26";"";99;"active"
"S00849";"C0900";"2023-03-08";"2023-04-19";79;"canceled"
"S00850";"C0901";"2023-01-18";"";149;"active"
"S00851";"C0902";"2023-01-12";"";99;"active"
"S00852";"C0903";"2023-01-26";"2023-04-21";299;"canceled"
"S00853";"C0904";"2023-01-14";"";49;"active"
"S00854";"C0905";"2023-02-03";"";99;"active"
"S00855";"C0906";"2023-03-18";"";79;"active"
"S00856";"C0907";"2023-03-24";"";499;"active"
"S00857";"C0909";"2023-01-20";"";699;"active"
"S00858";"C0910";"2023-01-19";"";49;"active"
"S00859";"C0911";"2023-01-21";"";99;"active"
"S00860";"C0912";"2023-03-03";"";149;"active"
"S00861";"C0913";"2023-03-29";"";699;"active"
"S00862";"C0914";"2023-03-03";"";699;"active"
"S00863";"C0915";"2023-03-07";"";299;"active"
"S00864";"C0916";"2023-02-28";"";499;"active"
"S00865";"C0917";"2023-03-14";"";79;"active"
"S00866";"C0918";"2023-02-27";"";699;"active"
"S00867";"C0919";"2023-01-09";"";699;"active"
"S00868";"C0919";"2023-01-09";"";699;"active"
"S00869";"C0920";"2023-01-14";"2023-03-05";149;"canceled"
"S00870";"C0922";"2023-01-13";"";49;"active"
"S00871";"C0923";"2023-03-20";"2023-05-29";499;"canceled"
"S00872";"C0924";"2023-03-13";"";149;"active"
"S00873";"C0925";"2023-03-17";"";499;"active"
"S00874";"C0927";"2023-02-10";"";299;"active"
"S00875";"C0928";"2023-03-04";"";299;"active"
"S00876";"C0929";"2023-03-03";"";699;"active"
"S00877";"C0930";"2023-01-31";"";49;"active"
"S00878";"C0930";"2023-01-31";"";49;"active"
"S00879";"C0931";"2023-01-22";"";299;"active"
"S00880";"C0932";"2023-03-17";"";99;"active"
"S00881";"C0933";"2023-01-09";"";299;"active"
"S00882";"C0934";"2023-02-13";"";299;"active"
"S00883";"C0935";"2023-02-22";"";299;"active"
"S00884";"C0936";"2023-03-30";"";149;"active"
"S00885";"C0937";"2023-03-05";"";79;"active"
"S00886";"C0939";"2023-03-27";"";699;"active"
"S00887";"C0940";"2023-02-11";"";699;"active"
"S00888";"C0941";"2023-02-23";"";79;"active"
"S00889";"C0942";"2023-01-30";"";99;"active"
"S00890";"C0943";"2023-03-01";"";49;"active"
"S00891";"C0944";"2023-01-22";"";149;"active"
"S00892";"C0945";"2023-02-26";"";299;"active"
"S00893";"C0946";"2023-03-21";"";149;"active"
"S00894";"C0947";"2023-03-09";"";149;"active"
"S00895";"C0948";"2023-01-22";"";149;"active"
"S00896";"C0949";"2023-03-14";"2023-04-26";149;"canceled"
"S00897";"C0950";"2023-01-26";"";99;"active"
"S00898";"C0951";"2023-02-27";"2023-04-21";299;"canceled"
"S00899";"C0952";"2023-03-13";"2023-05-05";99;"canceled"
"S00900";"C0954";"2023-03-09";"2023-04-17";79;"canceled"
"S00901";"C0955";"2023-02-28";"2023-05-26";99;"canceled"
"S00902";"C0956";"2023-02-02";"2023-04-20";149;"canceled"
"S00903";"C0957";"2023-03-17";"";699;"active"
"S00904";"C0957";"2023-03-17";"";699;"active"
"S00905";"C0958";"2023-02-14";"";99;"active"
"S00906";"C0959";"2023-03-24";"2023-05-01";299;"canceled"
"S00907";"C0960";"2023-03-04";"";79;"active"
"S00908";"C0961";"2023-03-26";"";149;"active"
"S00909";"C0963";"2023-01-11";"";149;"active"
"S00910";"C0964";"2023-01-27";"";299;"active"
"S00911";"C0965";"2023-02-14";"";49;"active"
"S00912";"C0966";"2023-03-26";"";699;"active"
"S00913";"C0967";"2023-01-30";"";299;"active"
"S00914";"C0968";"2023-03-15";"2023-04-15";99;"canceled"
"S00915";"C0969";"2023-02-06";"";699;"active"
"S00916";"C0970";"2023-03-15";"";149;"active"
"S00917";"C0971";"2023-01-08";"";79;"active"
"S00918";"C0972";"2023-02-15";"";49;"active"
"S00919";"C0973";"2023-01-27";"";79;"active"
"S00920";"C0974";"2023-02-14";"";499;"active"
"S00921";"C0975";"2023-02-16";"2023-05-02";49;"canceled"
"S00922";"C0976";"2023-01-18";"";149;"active"
"S00923";"C0977";"2023-01-21";"2023-03-07";699;"canceled"
"S00924";"C0978";"2023-02-05";"";699;"active"
"S00925";"C0980";"2023-02-15";"";149;"active"
"S00926";"C0981";"2023-03-28";"2023-06-22";49;"canceled"
"S00927";"C0982";"2023-03-22";"";79;"active"
"S00928";"C0983";"2023-01-22";"";149;"active"
"S00929";"C0984";"2023-03-11";"2023-04-19";99;"canceled"
"S00930";"C0985";"2023-01-27";"";299;"active"
"S00931";"C0987";"2023-01-11";"2023-03-11";699;"canceled"
"S00932";"C0988";"2023-03-30";"";49;"active"
"S00933";"C0990";"2023-02-07";"";149;"active"
"S00934";"C0991";"2023-02-02";"";299;"active"
"S00935";"C0992";"2023-03-15";"";99;"active"
"S00936";"C0993";"2023-01-23";"";99;"active"
"S00937";"C0994";"2023-03-11";"";99;"active"
"S00938";"C0996";"2023-04-06";"";79;"active"
"S00939";"C0997";"2023-02-01";"";299;"active"
"S00940";"C0999";"2023-01-06";"";49;"active"
"S00941";"C1000";"2023-02-27";"";499;"active"
